Index,Image,Score
0,game_0830.jpg,1.2
1,game_1109.jpg,3.5
2,movie_0298.jpg,2.2
3,movie_1625.jpg,2.8
4,movie_1682.jpg,0.8
5,movie_2412.jpg,2.8
6,game_0862.jpg,3.1
7,game_2862.jpg,0.5
8,game_1795.jpg,2.2
9,game_2897.jpg,3.6
10,movie_1435.jpg,3.7
11,game_0838.jpg,3.2
12,game_2193.jpg,2.2
13,movie_0018.jpg,1.9
14,movie_1824.jpg,3.2
15,game_0037.jpg,2.6
16,game_1164.jpg,0.4
17,movie_0457.jpg,2.8
18,movie_0576.jpg,2.6
19,movie_1462.jpg,3.1
20,game_1724.jpg,2.3
21,game_1009.jpg,2.6
22,game_1407.jpg,2.8
23,game_2142.jpg,2.3
24,movie_2715.jpg,3.7
25,game_1550.jpg,3.6
26,game_1323.jpg,2.1
27,game_1887.jpg,1.7
28,game_1599.jpg,4.1
29,movie_2906.jpg,2.7
30,game_1770.jpg,2.7
31,movie_0023.jpg,2.7
32,game_1867.jpg,3.0
33,movie_1843.jpg,0.7
34,game_0600.jpg,1.8
35,game_2012.jpg,2.3
36,movie_0755.jpg,1.8
37,movie_0666.jpg,0.7
38,game_0122.jpg,1.8
39,movie_0497.jpg,2.3
40,game_0798.jpg,0.4
41,game_0437.jpg,1.2
42,game_2732.jpg,1.3
43,movie_1730.jpg,2.8
44,game_1253.jpg,2.2
45,game_0499.jpg,2.1
46,movie_0301.jpg,2.3
47,game_2733.jpg,3.9
48,movie_2928.jpg,4.7
49,movie_0812.jpg,3.7
50,movie_0341.jpg,1.2
51,game_1920.jpg,2.8
52,movie_0848.jpg,2.6
53,movie_2739.jpg,4.7
54,game_0947.jpg,3.1
55,game_2528.jpg,3.2
56,movie_1981.jpg,2.6
57,game_2335.jpg,1.3
58,movie_1711.jpg,3.2
59,game_1810.jpg,2.3
60,movie_0148.jpg,1.2
61,game_2538.jpg,1.1
62,movie_1830.jpg,0.9
63,game_1991.jpg,0.7
64,game_2649.jpg,2.8
65,movie_0869.jpg,3.8
66,movie_2057.jpg,1.6
67,game_0269.jpg,0.6
68,movie_1331.jpg,2.7
69,movie_2744.jpg,4.7
70,movie_2347.jpg,3.7
71,game_2047.jpg,2.8
72,game_2864.jpg,1.8
73,movie_1430.jpg,1.4
74,movie_0303.jpg,3.8
75,game_2441.jpg,2.7
76,movie_0266.jpg,2.3
77,movie_2029.jpg,3.1
78,movie_1896.jpg,2.4
79,movie_0269.jpg,2.4
80,game_1611.jpg,2.6
81,game_0152.jpg,1.3
82,game_0686.jpg,0.8
83,movie_2191.jpg,2.7
84,game_1149.jpg,2.7
85,movie_0313.jpg,3.2
86,movie_0712.jpg,2.7
87,movie_2019.jpg,3.2
88,movie_2360.jpg,2.1
89,game_2008.jpg,3.3
90,game_1434.jpg,2.6
91,game_2902.jpg,2.8
92,game_2411.jpg,2.4
93,movie_2450.jpg,1.0
94,movie_2822.jpg,4.7
95,game_2620.jpg,2.8
96,game_2802.jpg,2.0
97,movie_0119.jpg,3.1
98,game_2389.jpg,1.8
99,game_0539.jpg,1.7
100,movie_2330.jpg,1.3
101,movie_0930.jpg,4.2
102,movie_0178.jpg,2.6
103,movie_0871.jpg,2.7
104,game_1860.jpg,1.8
105,game_1314.jpg,0.9
106,movie_2172.jpg,2.1
107,movie_2269.jpg,2.2
108,game_2150.jpg,3.2
109,game_1826.jpg,0.6
110,game_1223.jpg,1.8
111,game_2100.jpg,1.4
112,game_1776.jpg,2.3
113,movie_2362.jpg,1.8
114,movie_0248.jpg,2.4
115,game_1177.jpg,1.7
116,movie_2085.jpg,2.8
117,movie_2895.jpg,3.1
118,movie_1282.jpg,2.2
119,game_1732.jpg,1.9
120,game_0866.jpg,2.2
121,movie_1796.jpg,0.7
122,movie_2578.jpg,3.1
123,movie_0012.jpg,2.9
124,game_1043.jpg,1.4
125,game_0804.jpg,1.3
126,game_1383.jpg,2.7
127,game_0760.jpg,0.6
128,movie_2144.jpg,1.1
129,game_1771.jpg,1.4
130,movie_0245.jpg,2.8
131,game_0936.jpg,2.1
132,game_0704.jpg,1.8
133,movie_2716.jpg,2.4
134,game_2318.jpg,0.3
135,game_1935.jpg,2.9
136,movie_0776.jpg,2.6
137,movie_2074.jpg,3.0
138,movie_1546.jpg,0.6
139,game_2274.jpg,2.7
140,movie_1168.jpg,0.2
141,game_1446.jpg,0.8
142,game_1800.jpg,2.7
143,movie_1312.jpg,2.7
144,game_1908.jpg,0.9
145,game_0258.jpg,0.7
146,game_1534.jpg,0.2
147,game_1504.jpg,0.3
148,movie_2937.jpg,3.1
149,movie_0561.jpg,0.4
150,game_1367.jpg,1.9
151,game_1076.jpg,2.7
152,movie_2865.jpg,4.3
153,game_2974.jpg,0.8
154,game_2136.jpg,0.7
155,movie_0815.jpg,2.9
156,movie_2737.jpg,4.1
157,game_1224.jpg,1.7
158,game_2342.jpg,2.9
159,movie_2752.jpg,3.8
160,game_2654.jpg,2.8
161,game_1155.jpg,2.5
162,game_2238.jpg,1.8
163,movie_0796.jpg,1.8
164,movie_0953.jpg,1.2
165,movie_1293.jpg,3.1
166,game_2455.jpg,3.0
167,game_1967.jpg,3.2
168,movie_0105.jpg,2.8
169,game_2282.jpg,2.2
170,movie_2468.jpg,1.7
171,game_2882.jpg,0.8
172,movie_2365.jpg,3.1
173,game_2172.jpg,1.3
174,game_0199.jpg,1.8
175,movie_0507.jpg,2.7
176,movie_1142.jpg,1.9
177,movie_2148.jpg,0.5
178,movie_1704.jpg,0.8
179,movie_0414.jpg,2.6
180,movie_0249.jpg,2.6
181,movie_0993.jpg,3.3
182,game_2801.jpg,2.2
183,game_0260.jpg,1.8
184,game_2040.jpg,2.5
185,movie_0883.jpg,2.2
186,game_0736.jpg,1.4
187,game_2952.jpg,1.1
188,game_0054.jpg,0.3
189,movie_2596.jpg,3.7
190,game_0379.jpg,0.4
191,game_0635.jpg,2.3
192,game_1739.jpg,2.2
193,movie_2823.jpg,3.7
194,game_0019.jpg,2.5
195,game_0938.jpg,1.4
196,movie_2681.jpg,3.8
197,movie_0941.jpg,2.2
198,game_0780.jpg,2.7
199,game_0491.jpg,3.1
200,game_1894.jpg,2.5
201,game_0181.jpg,0.8
202,game_2490.jpg,0.4
203,movie_0973.jpg,2.7
204,movie_0159.jpg,2.9
205,game_2196.jpg,1.2
206,game_0770.jpg,1.3
207,game_1857.jpg,1.2
208,game_0005.jpg,0.8
209,game_0941.jpg,0.9
210,game_2190.jpg,1.7
211,movie_2846.jpg,3.7
212,movie_0585.jpg,2.6
213,game_2219.jpg,2.8
214,movie_0180.jpg,2.2
215,movie_2569.jpg,1.2
216,movie_1068.jpg,2.5
217,game_0424.jpg,1.2
218,game_0863.jpg,2.9
219,game_2516.jpg,1.8
220,game_0937.jpg,1.5
221,game_2800.jpg,0.3
222,game_1928.jpg,2.7
223,game_0609.jpg,2.0
224,movie_1805.jpg,1.2
225,game_0604.jpg,2.3
226,game_1389.jpg,0.3
227,game_1458.jpg,0.8
228,movie_2398.jpg,2.6
229,movie_2645.jpg,4.3
230,game_0611.jpg,3.7
231,movie_2519.jpg,2.8
232,movie_1088.jpg,2.8
233,movie_1054.jpg,2.5
234,movie_1386.jpg,2.4
235,game_0014.jpg,0.8
236,movie_1000.jpg,0.8
237,game_0401.jpg,0.3
238,game_0291.jpg,2.3
239,movie_0513.jpg,0.8
240,movie_1355.jpg,1.8
241,movie_1940.jpg,2.6
242,movie_2950.jpg,3.1
243,movie_1828.jpg,3.2
244,movie_1002.jpg,0.8
245,game_2783.jpg,3.6
246,movie_2694.jpg,3.2
247,movie_2251.jpg,2.4
248,game_1221.jpg,1.6
249,game_1239.jpg,2.5
250,game_0892.jpg,2.6
251,movie_1764.jpg,2.2
252,movie_2395.jpg,1.1
253,game_2615.jpg,1.2
254,game_2067.jpg,1.8
255,movie_0213.jpg,1.8
256,game_2685.jpg,2.2
257,movie_0345.jpg,2.9
258,game_1365.jpg,0.7
259,game_0355.jpg,0.3
260,movie_1433.jpg,1.4
261,game_2679.jpg,0.7
262,game_2058.jpg,1.2
263,movie_2643.jpg,4.1
264,game_1700.jpg,3.1
265,game_0042.jpg,2.8
266,game_1784.jpg,2.4
267,game_0399.jpg,2.2
268,game_0548.jpg,1.8
269,movie_0991.jpg,1.7
270,movie_2332.jpg,1.9
271,game_2130.jpg,2.2
272,game_0724.jpg,2.5
273,game_1837.jpg,2.2
274,game_0415.jpg,0.2
275,game_2809.jpg,0.5
276,movie_0346.jpg,2.9
277,game_2018.jpg,2.6
278,game_0161.jpg,0.3
279,movie_0763.jpg,2.6
280,movie_0633.jpg,1.2
281,movie_2298.jpg,3.4
282,game_0755.jpg,2.3
283,game_0813.jpg,1.8
284,movie_1464.jpg,1.7
285,game_0726.jpg,2.6
286,game_0026.jpg,3.0
287,movie_2208.jpg,1.8
288,movie_0286.jpg,1.8
289,movie_0363.jpg,1.7
290,movie_1014.jpg,2.7
291,movie_0192.jpg,1.9
292,game_1289.jpg,1.7
293,movie_0433.jpg,2.3
294,game_2329.jpg,1.1
295,game_1877.jpg,0.8
296,movie_0937.jpg,2.2
297,game_0944.jpg,1.9
298,movie_0071.jpg,3.1
299,movie_0775.jpg,1.7
300,movie_1671.jpg,2.5
301,game_1681.jpg,2.6
302,game_0872.jpg,1.0
303,movie_2955.jpg,4.3
304,game_1047.jpg,4.0
305,game_2669.jpg,2.7
306,game_1000.jpg,0.2
307,game_0049.jpg,0.8
308,movie_1578.jpg,2.2
309,movie_1876.jpg,1.8
310,game_2672.jpg,1.1
311,movie_1916.jpg,2.5
312,game_1955.jpg,2.5
313,movie_1585.jpg,1.1
314,game_1668.jpg,2.1
315,movie_0874.jpg,2.7
316,movie_0900.jpg,3.1
317,movie_1863.jpg,2.2
318,game_1334.jpg,2.4
319,game_1775.jpg,2.6
320,movie_0203.jpg,3.0
321,movie_0996.jpg,2.7
322,game_2192.jpg,2.7
323,game_0951.jpg,2.5
324,movie_2225.jpg,1.7
325,movie_0685.jpg,2.2
326,movie_0004.jpg,1.9
327,movie_1059.jpg,2.8
328,game_0149.jpg,2.1
329,game_0557.jpg,2.7
330,movie_1341.jpg,2.4
331,movie_2177.jpg,2.3
332,game_2485.jpg,1.2
333,movie_2997.jpg,4.5
334,movie_2307.jpg,3.0
335,game_2156.jpg,2.6
336,game_1499.jpg,2.4
337,movie_1753.jpg,2.8
338,movie_1222.jpg,2.2
339,movie_2325.jpg,2.5
340,movie_2111.jpg,2.7
341,game_0365.jpg,2.6
342,game_2743.jpg,3.3
343,movie_0285.jpg,2.3
344,game_0917.jpg,1.8
345,movie_1917.jpg,1.3
346,game_0933.jpg,2.3
347,game_2331.jpg,2.4
348,movie_2595.jpg,3.3
349,game_0584.jpg,3.2
350,movie_2113.jpg,2.7
351,movie_1234.jpg,3.3
352,game_1539.jpg,2.1
353,movie_1806.jpg,1.3
354,game_1185.jpg,2.5
355,movie_2082.jpg,3.5
356,game_1254.jpg,2.5
357,game_2662.jpg,1.2
358,game_0516.jpg,2.3
359,movie_1428.jpg,2.3
360,game_2427.jpg,1.9
361,game_1404.jpg,1.2
362,game_2861.jpg,0.6
363,movie_1688.jpg,2.6
364,movie_1857.jpg,2.5
365,movie_0618.jpg,2.6
366,movie_0710.jpg,1.7
367,movie_0462.jpg,0.9
368,game_0920.jpg,2.2
369,movie_1446.jpg,2.3
370,movie_0644.jpg,2.7
371,game_2719.jpg,3.2
372,game_1059.jpg,2.4
373,movie_2319.jpg,2.7
374,movie_0765.jpg,2.7
375,movie_1310.jpg,2.8
376,game_0685.jpg,2.7
377,movie_2243.jpg,2.8
378,movie_1710.jpg,2.7
379,game_2988.jpg,2.2
380,movie_1807.jpg,2.3
381,movie_1959.jpg,2.7
382,movie_0542.jpg,1.3
383,game_2728.jpg,4.2
384,game_2078.jpg,1.3
385,game_0463.jpg,1.7
386,movie_0099.jpg,2.1
387,game_0800.jpg,1.2
388,game_0606.jpg,3.1
389,game_1622.jpg,1.7
390,game_2643.jpg,3.0
391,movie_1363.jpg,2.4
392,movie_0127.jpg,3.2
393,game_0754.jpg,3.1
394,movie_1914.jpg,1.3
395,movie_1194.jpg,1.2
396,movie_2286.jpg,1.7
397,game_1238.jpg,2.5
398,game_2771.jpg,3.2
399,game_1275.jpg,2.2
400,game_1927.jpg,2.3
401,movie_2621.jpg,2.5
402,game_0756.jpg,2.5
403,game_0560.jpg,2.3
404,movie_0021.jpg,1.8
405,movie_1982.jpg,1.3
406,game_0335.jpg,3.2
407,movie_1779.jpg,2.2
408,game_0619.jpg,2.8
409,movie_0047.jpg,1.8
410,movie_2120.jpg,1.1
411,game_1320.jpg,1.3
412,game_0176.jpg,2.7
413,game_0593.jpg,2.7
414,game_0013.jpg,2.4
415,movie_1392.jpg,2.6
416,game_0288.jpg,1.3
417,game_2139.jpg,0.8
418,game_1882.jpg,2.6
419,movie_2817.jpg,4.4
420,movie_2802.jpg,4.3
421,movie_0702.jpg,3.2
422,game_2508.jpg,2.6
423,game_0955.jpg,2.6
424,movie_2791.jpg,4.6
425,game_1892.jpg,1.7
426,movie_0376.jpg,2.7
427,game_2422.jpg,2.9
428,movie_1183.jpg,3.2
429,movie_1808.jpg,1.7
430,movie_0229.jpg,2.2
431,game_2369.jpg,1.8
432,game_1817.jpg,1.8
433,game_2884.jpg,1.9
434,movie_1837.jpg,2.1
435,movie_0067.jpg,2.8
436,game_1645.jpg,1.7
437,game_2045.jpg,3.0
438,game_2283.jpg,3.0
439,movie_1238.jpg,1.5
440,game_0995.jpg,2.5
441,movie_0750.jpg,2.2
442,movie_0038.jpg,2.3
443,movie_0050.jpg,2.6
444,game_2303.jpg,2.3
445,movie_0087.jpg,2.9
446,game_0119.jpg,2.7
447,game_1655.jpg,0.6
448,game_1366.jpg,2.2
449,movie_1294.jpg,2.5
450,movie_2258.jpg,1.7
451,game_2539.jpg,2.2
452,movie_2232.jpg,1.7
453,movie_1961.jpg,2.8
454,movie_2272.jpg,0.3
455,movie_0782.jpg,0.7
456,movie_1498.jpg,2.2
457,game_2566.jpg,2.2
458,movie_0156.jpg,2.8
459,movie_0896.jpg,2.8
460,game_0474.jpg,2.5
461,game_1154.jpg,1.8
462,game_0572.jpg,2.4
463,movie_2296.jpg,1.2
464,game_1062.jpg,2.2
465,movie_0754.jpg,1.8
466,game_0323.jpg,0.8
467,game_2024.jpg,0.7
468,game_1337.jpg,0.7
469,game_0837.jpg,2.6
470,movie_0555.jpg,2.8
471,movie_0151.jpg,0.9
472,movie_1613.jpg,0.8
473,movie_0124.jpg,2.8
474,game_0747.jpg,1.8
475,game_2547.jpg,1.2
476,game_0315.jpg,3.0
477,game_2471.jpg,2.7
478,game_0143.jpg,1.3
479,game_2339.jpg,0.7
480,game_2614.jpg,1.4
481,game_1467.jpg,2.0
482,game_0349.jpg,2.8
483,game_0267.jpg,0.8
484,movie_0295.jpg,0.3
485,game_2734.jpg,3.5
486,movie_2550.jpg,3.5
487,movie_2387.jpg,1.3
488,movie_1575.jpg,4.0
489,movie_2825.jpg,4.6
490,game_2499.jpg,0.8
491,movie_0834.jpg,2.2
492,movie_1317.jpg,1.8
493,game_1672.jpg,2.2
494,game_0133.jpg,2.9
495,movie_2371.jpg,3.3
496,game_2198.jpg,3.2
497,game_0508.jpg,1.8
498,movie_2053.jpg,2.3
499,movie_0862.jpg,1.7
500,game_1945.jpg,3.1
501,game_1413.jpg,3.0
502,movie_2007.jpg,1.8
503,movie_2328.jpg,0.8
504,movie_2995.jpg,4.3
505,game_1432.jpg,2.2
506,game_2915.jpg,2.9
507,game_0541.jpg,0.9
508,game_0206.jpg,0.3
509,movie_2095.jpg,2.6
510,game_2450.jpg,2.3
511,game_1530.jpg,2.6
512,movie_1053.jpg,2.2
513,game_0954.jpg,2.1
514,game_2037.jpg,2.6
515,movie_0278.jpg,3.1
516,game_0520.jpg,2.5
517,movie_2912.jpg,2.8
518,movie_1935.jpg,3.3
519,game_0896.jpg,2.3
520,movie_2745.jpg,3.6
521,game_2904.jpg,1.3
522,movie_0807.jpg,2.8
523,movie_2926.jpg,4.1
524,game_2146.jpg,2.8
525,movie_0232.jpg,1.7
526,movie_0125.jpg,2.3
527,game_2191.jpg,1.3
528,movie_1351.jpg,2.1
529,game_2431.jpg,2.7
530,movie_2946.jpg,1.8
531,movie_2952.jpg,4.5
532,game_1637.jpg,3.5
533,movie_1616.jpg,2.6
534,movie_0875.jpg,2.8
535,movie_2492.jpg,2.7
536,movie_1866.jpg,3.0
537,movie_1534.jpg,2.4
538,movie_2637.jpg,3.2
539,game_2910.jpg,1.2
540,game_2582.jpg,0.8
541,game_1355.jpg,2.6
542,game_2555.jpg,3.2
543,movie_1443.jpg,2.7
544,movie_1494.jpg,3.0
545,game_1943.jpg,2.7
546,game_0601.jpg,2.4
547,game_0554.jpg,0.6
548,movie_2609.jpg,0.9
549,game_0263.jpg,2.7
550,movie_1521.jpg,2.8
551,movie_0373.jpg,3.0
552,game_1806.jpg,2.4
553,movie_1524.jpg,2.2
554,movie_2623.jpg,4.5
555,movie_1165.jpg,0.4
556,movie_1802.jpg,3.1
557,movie_1859.jpg,1.8
558,game_1783.jpg,2.6
559,game_1312.jpg,3.1
560,game_1051.jpg,1.6
561,game_2380.jpg,2.5
562,movie_1835.jpg,2.7
563,game_1090.jpg,3.3
564,movie_2746.jpg,2.5
565,game_1093.jpg,2.6
566,game_0503.jpg,0.3
567,game_1437.jpg,0.4
568,movie_0166.jpg,1.3
569,movie_2561.jpg,2.7
570,movie_0783.jpg,2.8
571,game_0831.jpg,3.1
572,movie_1093.jpg,3.1
573,movie_0138.jpg,2.5
574,game_0334.jpg,2.7
575,movie_2528.jpg,2.3
576,game_2541.jpg,2.2
577,movie_2134.jpg,2.7
578,game_1105.jpg,1.8
579,game_0428.jpg,0.7
580,movie_2230.jpg,1.2
581,game_1451.jpg,3.2
582,movie_2517.jpg,1.8
583,movie_0695.jpg,3.4
584,movie_2753.jpg,4.0
585,game_2353.jpg,0.3
586,movie_2316.jpg,1.9
587,movie_2421.jpg,3.5
588,movie_2788.jpg,4.0
589,movie_0108.jpg,3.2
590,game_0445.jpg,0.7
591,game_1906.jpg,2.8
592,movie_1047.jpg,2.5
593,game_1557.jpg,3.2
594,game_0145.jpg,3.7
595,game_2246.jpg,0.4
596,movie_2001.jpg,3.0
597,game_0621.jpg,1.2
598,game_1918.jpg,2.6
599,game_0990.jpg,1.8
600,movie_0039.jpg,2.6
601,movie_0646.jpg,1.3
602,game_0095.jpg,2.6
603,game_1827.jpg,1.2
604,game_1859.jpg,2.2
605,game_1345.jpg,1.3
606,movie_1098.jpg,0.9
607,movie_1871.jpg,0.3
608,game_0857.jpg,0.9
609,game_0629.jpg,3.1
610,movie_1273.jpg,2.9
611,game_0077.jpg,0.6
612,game_0487.jpg,2.4
613,movie_2003.jpg,2.9
614,movie_0000.jpg,3.2
615,game_2825.jpg,0.3
616,movie_0529.jpg,3.1
617,game_2972.jpg,0.3
618,movie_0209.jpg,3.2
619,movie_2866.jpg,4.6
620,movie_1652.jpg,3.8
621,movie_0895.jpg,3.3
622,game_0378.jpg,3.2
623,game_1989.jpg,3.4
624,game_2323.jpg,2.8
625,game_0135.jpg,2.3
626,movie_1275.jpg,2.5
627,game_2166.jpg,2.8
628,game_0782.jpg,2.8
629,game_0998.jpg,0.7
630,movie_1429.jpg,2.7
631,game_0041.jpg,1.3
632,movie_2128.jpg,1.2
633,game_2668.jpg,3.1
634,game_1608.jpg,2.4
635,movie_2610.jpg,4.2
636,game_2653.jpg,2.4
637,game_1774.jpg,2.2
638,movie_1157.jpg,1.3
639,movie_0706.jpg,1.2
640,game_2350.jpg,0.8
641,movie_0884.jpg,2.5
642,game_1959.jpg,2.7
643,movie_2020.jpg,2.3
644,movie_2543.jpg,2.5
645,game_2907.jpg,0.3
646,game_1313.jpg,3.0
647,movie_1993.jpg,2.8
648,game_0117.jpg,0.4
649,game_0361.jpg,1.4
650,game_0883.jpg,0.3
651,game_0992.jpg,0.6
652,game_2261.jpg,3.2
653,game_2244.jpg,2.9
654,movie_1372.jpg,1.7
655,movie_1563.jpg,0.3
656,movie_1130.jpg,3.0
657,movie_2515.jpg,2.2
658,game_1236.jpg,3.4
659,game_1996.jpg,2.8
660,movie_1353.jpg,0.7
661,movie_0678.jpg,4.0
662,movie_2760.jpg,3.1
663,game_2046.jpg,2.7
664,game_2325.jpg,2.5
665,game_2651.jpg,2.5
666,movie_1173.jpg,1.3
667,game_2913.jpg,3.2
668,movie_0838.jpg,1.2
669,movie_0906.jpg,3.9
670,game_1244.jpg,2.3
671,movie_2279.jpg,3.5
672,game_2871.jpg,2.2
673,movie_0244.jpg,3.0
674,movie_1418.jpg,2.9
675,game_2222.jpg,2.2
676,game_2727.jpg,4.2
677,movie_0349.jpg,2.2
678,movie_2634.jpg,4.2
679,game_1995.jpg,0.8
680,game_1690.jpg,2.2
681,movie_0017.jpg,3.0
682,game_2534.jpg,0.6
683,movie_2301.jpg,1.6
684,game_2693.jpg,2.0
685,game_0964.jpg,1.7
686,game_2182.jpg,2.6
687,movie_2913.jpg,1.2
688,game_0382.jpg,2.7
689,game_0232.jpg,2.9
690,movie_2050.jpg,2.5
691,game_1952.jpg,1.2
692,game_1377.jpg,2.5
693,game_0664.jpg,2.8
694,movie_1459.jpg,3.1
695,movie_0979.jpg,2.3
696,game_0979.jpg,2.2
697,game_1805.jpg,2.9
698,movie_1364.jpg,2.3
699,movie_1058.jpg,2.5
700,movie_2178.jpg,2.8
701,movie_1013.jpg,2.4
702,movie_2217.jpg,2.2
703,game_1484.jpg,2.6
704,movie_1924.jpg,2.6
705,game_0695.jpg,3.1
706,game_1940.jpg,3.1
707,movie_1804.jpg,2.8
708,movie_2871.jpg,4.5
709,movie_1417.jpg,2.7
710,game_2465.jpg,2.7
711,game_1419.jpg,2.9
712,game_2612.jpg,2.3
713,game_1094.jpg,3.1
714,movie_2087.jpg,1.8
715,game_2243.jpg,2.6
716,movie_1765.jpg,2.8
717,game_2446.jpg,1.6
718,game_1006.jpg,0.8
719,game_2546.jpg,0.7
720,movie_0174.jpg,2.9
721,game_1675.jpg,2.9
722,game_0191.jpg,1.1
723,game_0350.jpg,1.3
724,game_2464.jpg,2.6
725,movie_1516.jpg,1.4
726,movie_2755.jpg,2.7
727,game_1670.jpg,3.3
728,game_1925.jpg,2.8
729,movie_2590.jpg,1.9
730,movie_2389.jpg,2.2
731,game_1297.jpg,1.8
732,movie_2751.jpg,4.0
733,game_0337.jpg,3.0
734,game_1476.jpg,1.3
735,game_2971.jpg,0.7
736,movie_2839.jpg,4.4
737,movie_2886.jpg,2.5
738,movie_2935.jpg,4.1
739,game_0418.jpg,3.3
740,movie_1030.jpg,2.2
741,game_2152.jpg,2.4
742,movie_2497.jpg,1.8
743,movie_1776.jpg,3.5
744,movie_1015.jpg,2.7
745,game_0154.jpg,2.5
746,game_0286.jpg,2.2
747,game_0393.jpg,1.9
748,movie_0538.jpg,1.2
749,game_2530.jpg,4.0
750,game_1647.jpg,2.9
751,movie_1996.jpg,0.8
752,game_2691.jpg,2.6
753,game_2201.jpg,2.7
754,game_0867.jpg,2.5
755,movie_1995.jpg,0.2
756,movie_1845.jpg,2.4
757,game_0414.jpg,3.3
758,game_1481.jpg,1.8
759,game_0661.jpg,3.6
760,movie_1844.jpg,1.9
761,game_0111.jpg,1.3
762,game_2073.jpg,2.3
763,movie_2150.jpg,1.8
764,movie_2287.jpg,2.8
765,game_0294.jpg,2.7
766,game_1583.jpg,2.5
767,movie_2552.jpg,1.7
768,movie_1777.jpg,1.2
769,movie_0857.jpg,0.8
770,movie_0086.jpg,2.7
771,movie_1532.jpg,2.3
772,movie_1925.jpg,3.1
773,movie_0499.jpg,2.7
774,game_2302.jpg,2.4
775,movie_0655.jpg,2.0
776,movie_0464.jpg,2.8
777,game_2779.jpg,3.4
778,game_0219.jpg,1.8
779,game_0195.jpg,2.5
780,movie_0061.jpg,2.6
781,game_2641.jpg,0.6
782,game_2220.jpg,2.5
783,movie_1515.jpg,2.4
784,movie_1535.jpg,1.3
785,game_0261.jpg,2.9
786,movie_0753.jpg,3.1
787,movie_2081.jpg,2.5
788,movie_1412.jpg,0.7
789,movie_1832.jpg,2.8
790,movie_0808.jpg,2.6
791,movie_1299.jpg,3.0
792,game_0771.jpg,0.3
793,game_0740.jpg,3.2
794,game_2250.jpg,2.1
795,movie_0043.jpg,2.6
796,movie_0918.jpg,1.4
797,movie_2891.jpg,0.8
798,game_0243.jpg,3.1
799,movie_1706.jpg,2.8
800,movie_0675.jpg,2.9
801,movie_2160.jpg,3.0
802,movie_1821.jpg,3.3
803,movie_1683.jpg,2.2
804,game_2301.jpg,3.2
805,movie_1352.jpg,3.4
806,movie_1973.jpg,1.9
807,game_2543.jpg,2.3
808,game_0521.jpg,0.8
809,game_2520.jpg,3.4
810,game_2407.jpg,3.5
811,game_1785.jpg,3.2
812,game_0229.jpg,0.7
813,movie_0512.jpg,2.3
814,movie_2980.jpg,2.9
815,movie_2165.jpg,1.9
816,movie_1677.jpg,2.7
817,movie_2795.jpg,4.2
818,game_2901.jpg,2.6
819,game_2954.jpg,2.7
820,movie_1881.jpg,3.1
821,movie_0839.jpg,1.4
822,game_1888.jpg,2.3
823,game_2830.jpg,2.7
824,game_0776.jpg,1.9
825,game_2436.jpg,3.0
826,game_1984.jpg,2.7
827,game_2765.jpg,2.2
828,game_2347.jpg,3.7
829,movie_0179.jpg,2.6
830,movie_2063.jpg,2.8
831,game_2722.jpg,2.5
832,movie_0824.jpg,2.3
833,game_1161.jpg,2.9
834,movie_2449.jpg,3.3
835,movie_0358.jpg,3.2
836,movie_0921.jpg,2.7
837,movie_0069.jpg,1.9
838,game_0344.jpg,2.2
839,movie_0864.jpg,2.7
840,game_0085.jpg,2.3
841,game_1781.jpg,2.6
842,movie_1023.jpg,2.7
843,game_2449.jpg,2.2
844,game_0185.jpg,2.9
845,game_1698.jpg,2.4
846,game_1252.jpg,1.2
847,game_2590.jpg,3.1
848,movie_1326.jpg,1.5
849,movie_2293.jpg,2.8
850,game_2893.jpg,3.3
851,movie_1034.jpg,2.8
852,movie_0115.jpg,3.2
853,movie_0335.jpg,2.0
854,game_1409.jpg,2.4
855,movie_2444.jpg,3.8
856,movie_1851.jpg,1.3
857,movie_0347.jpg,3.2
858,game_2387.jpg,0.7
859,movie_2529.jpg,3.1
860,game_2571.jpg,2.6
861,movie_2819.jpg,4.4
862,game_2577.jpg,2.2
863,game_1468.jpg,3.2
864,game_2569.jpg,3.2
865,movie_0947.jpg,2.7
866,game_2029.jpg,0.7
867,movie_0254.jpg,1.8
868,movie_1967.jpg,1.9
869,movie_1823.jpg,2.8
870,movie_1296.jpg,3.4
871,game_1150.jpg,2.8
872,game_2635.jpg,0.2
873,movie_0566.jpg,2.3
874,movie_0143.jpg,0.7
875,movie_2399.jpg,3.2
876,game_1880.jpg,2.7
877,game_0492.jpg,2.1
878,movie_1794.jpg,1.7
879,game_2077.jpg,2.2
880,game_1873.jpg,2.6
881,movie_0332.jpg,1.2
882,game_0894.jpg,0.3
883,movie_0547.jpg,3.2
884,movie_0287.jpg,3.2
885,movie_0851.jpg,2.4
886,movie_2458.jpg,3.4
887,game_2275.jpg,1.7
888,game_0235.jpg,2.4
889,game_1581.jpg,2.1
890,game_1613.jpg,2.3
891,game_1990.jpg,2.6
892,game_2942.jpg,0.2
893,game_0805.jpg,1.7
894,game_2241.jpg,2.2
895,game_0875.jpg,1.3
896,game_0691.jpg,1.8
897,game_1688.jpg,0.7
898,movie_0320.jpg,0.8
899,game_2804.jpg,0.7
900,movie_1768.jpg,1.6
901,movie_1549.jpg,2.7
902,movie_2939.jpg,4.6
903,movie_2442.jpg,2.6
904,movie_1934.jpg,3.1
905,movie_0385.jpg,2.4
906,game_1405.jpg,1.6
907,movie_0027.jpg,0.6
908,movie_1062.jpg,2.7
909,movie_2132.jpg,3.6
910,movie_0562.jpg,3.2
911,movie_1923.jpg,1.6
912,game_1420.jpg,1.2
913,movie_0595.jpg,3.2
914,movie_0256.jpg,1.2
915,game_2710.jpg,0.9
916,movie_2956.jpg,3.6
917,game_1625.jpg,0.7
918,game_0136.jpg,0.3
919,movie_1810.jpg,1.9
920,movie_2736.jpg,4.1
921,game_0562.jpg,2.6
922,movie_2045.jpg,2.8
923,game_1182.jpg,2.7
924,game_1938.jpg,1.8
925,game_1741.jpg,0.3
926,movie_0526.jpg,0.7
927,game_1460.jpg,1.7
928,game_2256.jpg,0.7
929,game_0648.jpg,2.8
930,movie_1968.jpg,0.2
931,game_2923.jpg,0.8
932,game_2663.jpg,0.7
933,movie_0741.jpg,3.5
934,movie_1699.jpg,0.2
935,movie_0578.jpg,0.4
936,movie_0225.jpg,2.2
937,movie_2470.jpg,0.7
938,movie_2337.jpg,2.8
939,game_1220.jpg,0.7
940,game_0100.jpg,2.2
941,movie_1953.jpg,3.1
942,movie_0091.jpg,2.8
943,game_0433.jpg,0.3
944,movie_0283.jpg,3.0
945,movie_2079.jpg,1.7
946,game_2551.jpg,2.3
947,movie_2794.jpg,3.9
948,movie_1597.jpg,3.4
949,movie_0692.jpg,2.9
950,movie_2488.jpg,0.7
951,movie_1751.jpg,2.6
952,game_0614.jpg,1.3
953,game_1856.jpg,1.3
954,movie_1239.jpg,2.1
955,movie_0382.jpg,2.2
956,movie_2377.jpg,2.2
957,game_1095.jpg,2.2
958,movie_0226.jpg,2.2
959,game_2908.jpg,2.2
960,movie_2434.jpg,2.2
961,game_0688.jpg,2.2
962,movie_2800.jpg,2.2
963,game_2849.jpg,2.2
964,movie_2655.jpg,2.2
965,game_1472.jpg,2.2
966,movie_1309.jpg,2.2
967,movie_2167.jpg,2.2
968,game_0628.jpg,2.3
969,game_0825.jpg,2.3
970,movie_0994.jpg,2.3
971,movie_0799.jpg,2.3
972,movie_0983.jpg,2.3
973,movie_1354.jpg,2.3
974,movie_0951.jpg,1.7
975,movie_1856.jpg,1.2
976,game_2486.jpg,2.3
977,game_1032.jpg,2.2
978,movie_2017.jpg,2.7
979,movie_1267.jpg,1.3
980,game_1730.jpg,0.8
981,game_1654.jpg,3.0
982,movie_1099.jpg,3.4
983,movie_0968.jpg,3.3
984,movie_2568.jpg,3.3
985,movie_0331.jpg,2.2
986,movie_2852.jpg,3.8
987,movie_0348.jpg,2.5
988,movie_0324.jpg,2.8
989,game_2617.jpg,1.6
990,game_1174.jpg,0.8
991,game_1682.jpg,2.8
992,game_0354.jpg,0.7
993,movie_1648.jpg,0.7
994,movie_2557.jpg,3.0
995,game_0519.jpg,1.6
996,movie_2252.jpg,1.7
997,movie_0289.jpg,3.2
998,game_0817.jpg,2.2
999,movie_0929.jpg,2.2
1000,movie_0777.jpg,2.3
1001,game_0935.jpg,1.2
1002,game_2414.jpg,2.7
1003,movie_1698.jpg,2.5
1004,game_1801.jpg,2.6
1005,movie_0144.jpg,2.2
1006,movie_2300.jpg,3.2
1007,game_0217.jpg,2.3
1008,game_1753.jpg,2.4
1009,game_0558.jpg,1.6
1010,movie_0911.jpg,3.3
1011,movie_2236.jpg,1.9
1012,game_0221.jpg,0.3
1013,movie_1269.jpg,1.7
1014,movie_0990.jpg,2.2
1015,game_0340.jpg,1.8
1016,movie_2732.jpg,4.2
1017,game_1886.jpg,2.7
1018,game_2185.jpg,0.8
1019,movie_2679.jpg,2.8
1020,movie_2228.jpg,2.3
1021,movie_0639.jpg,2.3
1022,movie_0878.jpg,2.7
1023,movie_2983.jpg,2.5
1024,game_1245.jpg,2.2
1025,game_1924.jpg,2.3
1026,game_2082.jpg,1.8
1027,movie_0889.jpg,2.8
1028,game_2994.jpg,1.7
1029,game_0157.jpg,1.8
1030,game_0590.jpg,1.9
1031,game_1139.jpg,2.1
1032,movie_0886.jpg,1.2
1033,game_0426.jpg,2.8
1034,game_2475.jpg,3.0
1035,game_1264.jpg,1.8
1036,movie_2765.jpg,3.6
1037,game_0088.jpg,1.2
1038,movie_0988.jpg,2.6
1039,movie_2135.jpg,2.7
1040,movie_0891.jpg,0.7
1041,movie_2094.jpg,3.0
1042,movie_1942.jpg,2.4
1043,game_0746.jpg,2.2
1044,movie_0146.jpg,2.5
1045,game_0690.jpg,0.7
1046,game_2967.jpg,0.7
1047,game_0559.jpg,2.5
1048,movie_1525.jpg,3.2
1049,movie_0500.jpg,2.6
1050,game_2865.jpg,2.5
1051,movie_2581.jpg,3.7
1052,game_0876.jpg,1.7
1053,game_2044.jpg,2.5
1054,game_1260.jpg,2.2
1055,game_1414.jpg,2.1
1056,movie_1769.jpg,3.1
1057,game_2433.jpg,0.3
1058,game_2011.jpg,1.9
1059,movie_2107.jpg,0.7
1060,movie_2903.jpg,3.7
1061,game_0960.jpg,2.3
1062,movie_1302.jpg,2.8
1063,game_1541.jpg,1.3
1064,game_2119.jpg,1.3
1065,game_1602.jpg,1.4
1066,game_1545.jpg,1.7
1067,movie_2130.jpg,2.6
1068,movie_2336.jpg,3.3
1069,game_0511.jpg,1.7
1070,game_0180.jpg,3.3
1071,movie_0340.jpg,3.3
1072,movie_1707.jpg,2.3
1073,game_1500.jpg,2.0
1074,game_1697.jpg,2.7
1075,movie_2985.jpg,0.7
1076,game_0535.jpg,2.3
1077,game_2881.jpg,0.7
1078,game_2826.jpg,3.0
1079,movie_2661.jpg,2.5
1080,movie_1003.jpg,2.3
1081,game_0669.jpg,1.8
1082,movie_2827.jpg,4.4
1083,game_0675.jpg,2.8
1084,game_0613.jpg,1.8
1085,movie_2283.jpg,0.3
1086,game_2098.jpg,2.8
1087,movie_2114.jpg,1.7
1088,movie_2364.jpg,3.0
1089,movie_2133.jpg,3.2
1090,game_2236.jpg,2.3
1091,game_0952.jpg,2.5
1092,game_2128.jpg,1.2
1093,movie_0700.jpg,2.9
1094,game_0610.jpg,1.8
1095,movie_2899.jpg,2.7
1096,game_0766.jpg,1.7
1097,movie_2289.jpg,2.6
1098,game_0924.jpg,0.6
1099,game_2926.jpg,1.2
1100,movie_2346.jpg,2.7
1101,game_2084.jpg,2.2
1102,game_2266.jpg,2.4
1103,movie_1087.jpg,0.8
1104,movie_2646.jpg,4.4
1105,game_2812.jpg,0.6
1106,movie_1650.jpg,0.8
1107,game_2639.jpg,1.3
1108,game_2488.jpg,2.4
1109,movie_1955.jpg,2.6
1110,game_2280.jpg,2.5
1111,game_1175.jpg,0.8
1112,game_0897.jpg,0.3
1113,game_0084.jpg,2.7
1114,movie_1589.jpg,2.1
1115,movie_1274.jpg,3.5
1116,movie_2021.jpg,2.7
1117,game_1459.jpg,2.3
1118,game_0701.jpg,2.8
1119,movie_2420.jpg,2.6
1120,game_0860.jpg,2.8
1121,movie_1084.jpg,2.5
1122,movie_0842.jpg,1.9
1123,movie_0642.jpg,0.7
1124,movie_1901.jpg,2.8
1125,movie_0308.jpg,3.4
1126,movie_2385.jpg,2.6
1127,movie_1771.jpg,1.2
1128,movie_1423.jpg,2.8
1129,game_1852.jpg,2.1
1130,movie_1454.jpg,2.5
1131,game_2579.jpg,2.3
1132,movie_0020.jpg,3.0
1133,game_0962.jpg,2.7
1134,game_2418.jpg,2.5
1135,movie_0064.jpg,2.2
1136,game_1441.jpg,1.7
1137,game_0113.jpg,2.8
1138,movie_1254.jpg,3.2
1139,movie_1262.jpg,0.7
1140,movie_1882.jpg,2.8
1141,movie_0456.jpg,3.1
1142,movie_2719.jpg,4.2
1143,movie_0503.jpg,1.7
1144,movie_0257.jpg,3.3
1145,movie_2363.jpg,0.7
1146,movie_1657.jpg,2.3
1147,game_1180.jpg,1.2
1148,game_2370.jpg,0.6
1149,movie_1679.jpg,1.3
1150,game_0527.jpg,3.0
1151,game_2346.jpg,3.6
1152,movie_2348.jpg,3.7
1153,game_0504.jpg,1.4
1154,game_2327.jpg,3.2
1155,movie_0367.jpg,2.8
1156,game_1013.jpg,0.8
1157,game_0252.jpg,0.8
1158,movie_0731.jpg,1.3
1159,movie_0140.jpg,2.8
1160,game_1965.jpg,2.1
1161,movie_0126.jpg,1.1
1162,movie_2334.jpg,1.7
1163,game_2713.jpg,0.7
1164,movie_1027.jpg,1.7
1165,movie_2244.jpg,0.6
1166,game_0846.jpg,2.3
1167,movie_0483.jpg,2.9
1168,movie_0075.jpg,1.8
1169,game_1586.jpg,1.9
1170,movie_2004.jpg,3.0
1171,game_1849.jpg,1.3
1172,game_2527.jpg,2.3
1173,movie_2961.jpg,3.7
1174,game_0673.jpg,2.9
1175,movie_2640.jpg,3.3
1176,movie_0916.jpg,3.4
1177,movie_1073.jpg,0.9
1178,game_0381.jpg,2.7
1179,game_0786.jpg,2.7
1180,game_2376.jpg,2.1
1181,movie_0306.jpg,2.8
1182,game_2337.jpg,0.6
1183,movie_1240.jpg,3.4
1184,game_0310.jpg,3.5
1185,movie_1422.jpg,3.3
1186,movie_2682.jpg,3.8
1187,game_2549.jpg,3.1
1188,game_0496.jpg,1.2
1189,game_0916.jpg,0.3
1190,game_2121.jpg,3.1
1191,game_2716.jpg,2.8
1192,movie_2966.jpg,3.6
1193,movie_2044.jpg,3.7
1194,movie_1574.jpg,2.7
1195,game_0330.jpg,0.8
1196,movie_2984.jpg,3.9
1197,game_2714.jpg,1.8
1198,movie_2713.jpg,4.5
1199,game_1444.jpg,3.1
1200,game_0705.jpg,0.8
1201,movie_0779.jpg,0.9
1202,movie_0002.jpg,1.2
1203,movie_2700.jpg,3.5
1204,movie_0100.jpg,2.8
1205,game_2043.jpg,2.3
1206,movie_2171.jpg,3.3
1207,game_2021.jpg,1.8
1208,movie_2241.jpg,2.8
1209,movie_1644.jpg,1.7
1210,game_2845.jpg,1.2
1211,movie_1251.jpg,3.3
1212,game_1834.jpg,3.0
1213,movie_0102.jpg,2.2
1214,movie_0594.jpg,2.7
1215,game_0295.jpg,2.7
1216,movie_0364.jpg,3.2
1217,game_0006.jpg,0.8
1218,game_0283.jpg,0.8
1219,game_2708.jpg,0.6
1220,game_2815.jpg,2.3
1221,game_1719.jpg,3.2
1222,game_1196.jpg,2.2
1223,movie_1043.jpg,0.9
1224,movie_0743.jpg,1.3
1225,game_2381.jpg,1.4
1226,movie_1913.jpg,3.0
1227,game_2088.jpg,1.8
1228,game_2858.jpg,1.3
1229,game_0900.jpg,2.6
1230,game_0670.jpg,1.3
1231,game_2706.jpg,1.4
1232,movie_2375.jpg,2.6
1233,game_2259.jpg,3.1
1234,movie_1193.jpg,2.9
1235,game_0706.jpg,2.1
1236,movie_2579.jpg,3.0
1237,movie_0727.jpg,2.6
1238,movie_1712.jpg,1.2
1239,movie_0970.jpg,2.1
1240,movie_2916.jpg,3.7
1241,game_2394.jpg,2.8
1242,game_2729.jpg,3.3
1243,movie_0114.jpg,3.3
1244,game_2742.jpg,1.4
1245,movie_0582.jpg,2.8
1246,movie_0818.jpg,3.7
1247,movie_2022.jpg,3.5
1248,movie_1465.jpg,0.8
1249,game_1919.jpg,1.3
1250,movie_2345.jpg,3.2
1251,game_2877.jpg,2.6
1252,movie_1129.jpg,1.7
1253,movie_1728.jpg,1.2
1254,movie_2482.jpg,0.7
1255,game_1562.jpg,0.7
1256,game_2151.jpg,1.3
1257,movie_1978.jpg,3.0
1258,movie_0109.jpg,2.6
1259,movie_1570.jpg,2.5
1260,game_0945.jpg,2.8
1261,movie_2483.jpg,3.0
1262,game_0402.jpg,3.4
1263,game_2059.jpg,2.9
1264,game_0819.jpg,2.5
1265,game_0759.jpg,2.3
1266,movie_1278.jpg,1.3
1267,movie_2776.jpg,3.9
1268,movie_0730.jpg,2.7
1269,game_1798.jpg,1.7
1270,game_2828.jpg,0.9
1271,movie_2435.jpg,1.3
1272,game_1454.jpg,2.6
1273,movie_2494.jpg,1.8
1274,movie_2376.jpg,2.6
1275,movie_0315.jpg,1.3
1276,movie_1960.jpg,2.7
1277,movie_0699.jpg,2.9
1278,game_1696.jpg,1.8
1279,game_1030.jpg,1.3
1280,movie_2326.jpg,3.2
1281,game_0450.jpg,2.7
1282,movie_0197.jpg,2.8
1283,movie_0496.jpg,3.7
1284,game_0046.jpg,2.1
1285,game_2602.jpg,2.1
1286,movie_2080.jpg,1.8
1287,movie_2633.jpg,3.6
1288,game_0367.jpg,2.5
1289,game_1667.jpg,3.6
1290,movie_1301.jpg,2.6
1291,movie_0139.jpg,1.3
1292,game_0102.jpg,2.3
1293,movie_2808.jpg,3.9
1294,movie_0076.jpg,3.3
1295,game_2003.jpg,3.1
1296,game_1380.jpg,2.6
1297,movie_2677.jpg,3.6
1298,movie_2869.jpg,3.6
1299,movie_1809.jpg,1.9
1300,movie_2978.jpg,0.8
1301,movie_1595.jpg,0.7
1302,game_0569.jpg,2.9
1303,game_1710.jpg,0.4
1304,movie_1218.jpg,2.9
1305,movie_1878.jpg,2.6
1306,movie_2727.jpg,1.0
1307,game_2867.jpg,1.0
1308,game_2360.jpg,1.0
1309,game_1899.jpg,1.0
1310,movie_2129.jpg,1.3
1311,game_0403.jpg,0.9
1312,movie_1766.jpg,2.8
1313,game_2007.jpg,0.8
1314,game_0314.jpg,2.5
1315,movie_0040.jpg,3.7
1316,game_1294.jpg,2.7
1317,game_1548.jpg,2.5
1318,game_2085.jpg,2.3
1319,movie_0536.jpg,1.2
1320,movie_2184.jpg,2.9
1321,game_2086.jpg,3.4
1322,game_0855.jpg,0.8
1323,movie_1378.jpg,2.8
1324,movie_2498.jpg,3.1
1325,game_1360.jpg,2.3
1326,movie_0533.jpg,0.9
1327,movie_0509.jpg,2.7
1328,game_1292.jpg,1.8
1329,game_0132.jpg,1.2
1330,game_1108.jpg,3.1
1331,game_2563.jpg,2.9
1332,game_0729.jpg,3.3
1333,game_0018.jpg,2.2
1334,game_2575.jpg,1.8
1335,movie_1763.jpg,1.6
1336,game_0360.jpg,0.8
1337,movie_1943.jpg,2.9
1338,movie_0299.jpg,1.3
1339,game_0676.jpg,0.9
1340,game_1410.jpg,0.3
1341,game_0070.jpg,0.8
1342,movie_1112.jpg,1.4
1343,movie_2309.jpg,2.5
1344,movie_1368.jpg,2.6
1345,game_0328.jpg,1.9
1346,movie_2816.jpg,4.2
1347,game_2364.jpg,2.3
1348,movie_1155.jpg,3.6
1349,game_1876.jpg,3.4
1350,movie_0396.jpg,1.7
1351,game_1053.jpg,2.3
1352,movie_0798.jpg,2.3
1353,game_2587.jpg,0.4
1354,game_2832.jpg,0.3
1355,movie_2039.jpg,2.3
1356,game_0377.jpg,2.6
1357,game_2644.jpg,1.9
1358,game_2095.jpg,1.2
1359,movie_0418.jpg,3.6
1360,game_2920.jpg,0.8
1361,game_0264.jpg,0.6
1362,game_2940.jpg,0.5
1363,game_1738.jpg,0.7
1364,game_0638.jpg,2.6
1365,game_1537.jpg,1.8
1366,movie_0535.jpg,1.6
1367,movie_2268.jpg,0.4
1368,movie_0571.jpg,2.3
1369,game_1934.jpg,2.7
1370,game_1207.jpg,2.1
1371,movie_1632.jpg,3.2
1372,game_1036.jpg,0.8
1373,game_0515.jpg,1.9
1374,game_2205.jpg,2.6
1375,movie_0816.jpg,2.7
1376,game_0751.jpg,1.3
1377,movie_2056.jpg,2.3
1378,movie_0377.jpg,2.5
1379,game_0341.jpg,1.8
1380,movie_2209.jpg,2.2
1381,game_1626.jpg,1.8
1382,game_0868.jpg,2.0
1383,game_2761.jpg,2.1
1384,movie_1566.jpg,2.3
1385,movie_2894.jpg,0.7
1386,game_0112.jpg,2.1
1387,game_0680.jpg,2.5
1388,movie_0492.jpg,2.6
1389,movie_0083.jpg,2.5
1390,game_1462.jpg,3.1
1391,movie_0420.jpg,3.1
1392,game_0481.jpg,2.3
1393,game_0146.jpg,3.5
1394,movie_0713.jpg,2.7
1395,game_2827.jpg,0.7
1396,movie_1188.jpg,2.6
1397,movie_2652.jpg,3.3
1398,game_1470.jpg,3.3
1399,movie_0103.jpg,3.2
1400,movie_0982.jpg,3.5
1401,game_2371.jpg,2.8
1402,game_0854.jpg,2.6
1403,movie_2489.jpg,1.3
1404,game_1384.jpg,2.4
1405,game_2951.jpg,2.5
1406,game_2428.jpg,1.6
1407,movie_2792.jpg,4.0
1408,movie_2525.jpg,2.3
1409,game_2535.jpg,2.2
1410,game_1144.jpg,2.5
1411,movie_1007.jpg,2.8
1412,game_0940.jpg,2.3
1413,game_1820.jpg,1.8
1414,game_0101.jpg,1.5
1415,movie_0691.jpg,2.6
1416,game_2798.jpg,2.2
1417,movie_2973.jpg,2.9
1418,movie_0190.jpg,2.3
1419,game_0932.jpg,1.1
1420,movie_2691.jpg,3.5
1421,game_2468.jpg,0.7
1422,game_2292.jpg,0.8
1423,game_0246.jpg,0.3
1424,game_1818.jpg,1.2
1425,movie_0701.jpg,2.3
1426,game_1937.jpg,0.9
1427,movie_1101.jpg,1.3
1428,game_0997.jpg,1.1
1429,movie_1556.jpg,2.7
1430,movie_1628.jpg,2.5
1431,movie_1106.jpg,2.6
1432,movie_2030.jpg,1.7
1433,movie_2612.jpg,3.6
1434,game_0210.jpg,2.6
1435,game_2925.jpg,0.8
1436,game_2622.jpg,1.7
1437,game_1546.jpg,2.7
1438,game_0878.jpg,2.5
1439,game_2903.jpg,1.8
1440,game_2113.jpg,1.8
1441,movie_0820.jpg,2.5
1442,movie_0365.jpg,2.1
1443,game_1266.jpg,2.2
1444,movie_0819.jpg,2.9
1445,movie_2688.jpg,3.5
1446,movie_1506.jpg,2.9
1447,game_1206.jpg,2.9
1448,movie_0992.jpg,1.3
1449,game_2502.jpg,2.8
1450,movie_2849.jpg,3.4
1451,game_1812.jpg,2.4
1452,movie_2945.jpg,4.3
1453,game_1490.jpg,2.2
1454,movie_1690.jpg,0.6
1455,movie_2490.jpg,2.7
1456,game_1141.jpg,1.7
1457,movie_2975.jpg,2.5
1458,game_1889.jpg,1.3
1459,game_2251.jpg,1.8
1460,game_2180.jpg,1.2
1461,movie_1136.jpg,0.8
1462,movie_2457.jpg,2.6
1463,movie_2052.jpg,2.7
1464,game_0579.jpg,3.0
1465,movie_0919.jpg,3.2
1466,movie_0057.jpg,2.2
1467,movie_0943.jpg,1.7
1468,movie_2179.jpg,2.5
1469,movie_0218.jpg,2.9
1470,movie_1253.jpg,3.1
1471,movie_2601.jpg,3.5
1472,game_2665.jpg,2.7
1473,movie_1277.jpg,3.0
1474,game_1733.jpg,1.4
1475,game_2410.jpg,1.8
1476,game_0948.jpg,0.8
1477,movie_0221.jpg,2.8
1478,game_0750.jpg,3.1
1479,movie_0211.jpg,2.6
1480,game_0020.jpg,1.2
1481,movie_0383.jpg,2.8
1482,game_1576.jpg,2.6
1483,game_2498.jpg,2.6
1484,movie_1064.jpg,2.9
1485,movie_0084.jpg,2.8
1486,game_2334.jpg,2.3
1487,game_2702.jpg,1.3
1488,game_1016.jpg,1.3
1489,game_2786.jpg,2.2
1490,movie_1880.jpg,0.8
1491,game_2962.jpg,3.2
1492,game_0853.jpg,0.3
1493,game_1005.jpg,2.2
1494,movie_0570.jpg,3.2
1495,game_0317.jpg,3.1
1496,movie_0781.jpg,1.9
1497,game_2721.jpg,3.7
1498,movie_2013.jpg,3.1
1499,game_0072.jpg,2.6
1500,game_1822.jpg,2.3
1501,movie_1815.jpg,2.9
1502,movie_1963.jpg,2.2
1503,movie_1261.jpg,2.5
1504,movie_0379.jpg,3.1
1505,movie_0241.jpg,3.2
1506,movie_2306.jpg,2.8
1507,movie_0737.jpg,2.4
1508,movie_1132.jpg,0.9
1509,game_0169.jpg,1.1
1510,movie_2161.jpg,2.9
1511,movie_1537.jpg,1.6
1512,game_1322.jpg,2.8
1513,movie_0239.jpg,2.6
1514,movie_2734.jpg,2.6
1515,game_2357.jpg,2.6
1516,movie_2821.jpg,2.6
1517,game_1769.jpg,2.6
1518,game_0231.jpg,2.6
1519,movie_0661.jpg,2.6
1520,movie_2996.jpg,2.6
1521,movie_1734.jpg,2.6
1522,game_2969.jpg,2.6
1523,movie_2927.jpg,2.6
1524,game_2296.jpg,2.6
1525,movie_2310.jpg,2.6
1526,movie_0015.jpg,2.6
1527,movie_1846.jpg,2.6
1528,movie_0603.jpg,2.6
1529,game_0514.jpg,2.6
1530,game_0828.jpg,2.6
1531,movie_1166.jpg,2.6
1532,game_2025.jpg,2.6
1533,movie_1448.jpg,2.6
1534,movie_0062.jpg,2.6
1535,game_0808.jpg,2.6
1536,game_2076.jpg,2.6
1537,movie_1732.jpg,2.6
1538,movie_1382.jpg,2.6
1539,game_0721.jpg,2.6
1540,movie_1071.jpg,2.6
1541,game_2398.jpg,2.6
1542,game_0643.jpg,2.6
1543,game_0758.jpg,1.3
1544,game_2748.jpg,2.3
1545,game_2584.jpg,2.9
1546,game_2032.jpg,2.8
1547,movie_1041.jpg,2.5
1548,movie_1932.jpg,2.2
1549,movie_2432.jpg,2.2
1550,game_0616.jpg,2.1
1551,game_2242.jpg,1.7
1552,movie_2908.jpg,1.2
1553,game_1742.jpg,2.7
1554,movie_0940.jpg,3.2
1555,movie_2671.jpg,3.5
1556,movie_2860.jpg,2.5
1557,movie_0489.jpg,2.8
1558,movie_2018.jpg,2.5
1559,movie_2157.jpg,1.7
1560,movie_1877.jpg,2.4
1561,game_2652.jpg,2.2
1562,game_1195.jpg,3.1
1563,movie_2920.jpg,3.6
1564,movie_2290.jpg,3.6
1565,game_0080.jpg,0.7
1566,movie_2793.jpg,3.4
1567,movie_0164.jpg,1.7
1568,game_1748.jpg,3.5
1569,movie_0703.jpg,3.2
1570,game_1538.jpg,0.8
1571,game_2544.jpg,1.2
1572,movie_1869.jpg,3.3
1573,game_1124.jpg,2.6
1574,game_0239.jpg,2.9
1575,game_1216.jpg,0.3
1576,game_2773.jpg,0.7
1577,movie_0267.jpg,0.8
1578,movie_2545.jpg,2.5
1579,game_0727.jpg,1.6
1580,game_1988.jpg,1.8
1581,game_0279.jpg,2.7
1582,movie_2522.jpg,1.5
1583,movie_2602.jpg,2.7
1584,movie_2062.jpg,2.5
1585,movie_0705.jpg,2.8
1586,game_2203.jpg,2.2
1587,movie_0501.jpg,0.3
1588,movie_0398.jpg,3.2
1589,movie_2629.jpg,3.4
1590,game_1243.jpg,2.7
1591,movie_0014.jpg,3.0
1592,movie_1726.jpg,2.5
1593,movie_1334.jpg,1.8
1594,game_1103.jpg,2.7
1595,movie_2035.jpg,3.1
1596,game_0030.jpg,1.5
1597,movie_2873.jpg,4.2
1598,movie_0641.jpg,2.9
1599,game_2961.jpg,2.5
1600,movie_0687.jpg,3.3
1601,game_0324.jpg,3.5
1602,movie_2078.jpg,2.8
1603,movie_1276.jpg,3.1
1604,movie_0836.jpg,2.7
1605,movie_0288.jpg,2.2
1606,game_0989.jpg,1.3
1607,movie_1184.jpg,2.5
1608,movie_2845.jpg,3.7
1609,game_2118.jpg,2.1
1610,game_2624.jpg,1.8
1611,movie_0745.jpg,2.5
1612,game_0007.jpg,2.7
1613,movie_2274.jpg,3.2
1614,game_0622.jpg,2.4
1615,movie_1620.jpg,1.3
1616,game_1081.jpg,3.4
1617,game_2378.jpg,3.1
1618,game_0342.jpg,2.3
1619,movie_1560.jpg,3.0
1620,game_0021.jpg,2.5
1621,game_0302.jpg,2.3
1622,game_2523.jpg,2.2
1623,game_0943.jpg,3.0
1624,game_0599.jpg,3.2
1625,movie_1044.jpg,2.6
1626,movie_2339.jpg,2.3
1627,game_0226.jpg,3.0
1628,game_2273.jpg,1.7
1629,movie_1854.jpg,2.7
1630,movie_1746.jpg,1.3
1631,game_1571.jpg,1.9
1632,game_0203.jpg,2.6
1633,movie_0950.jpg,1.2
1634,game_2358.jpg,1.0
1635,movie_2639.jpg,4.2
1636,movie_1814.jpg,3.7
1637,game_1630.jpg,0.6
1638,game_2933.jpg,0.5
1639,movie_2594.jpg,2.8
1640,movie_1654.jpg,2.3
1641,game_1107.jpg,1.3
1642,game_1348.jpg,2.9
1643,movie_0343.jpg,3.4
1644,movie_0645.jpg,2.3
1645,movie_1841.jpg,2.9
1646,game_0230.jpg,2.6
1647,game_2548.jpg,1.8
1648,movie_0181.jpg,2.7
1649,movie_2505.jpg,3.3
1650,movie_2654.jpg,3.4
1651,movie_1929.jpg,1.9
1652,game_2806.jpg,1.4
1653,game_2894.jpg,2.8
1654,movie_0101.jpg,2.2
1655,movie_1407.jpg,2.4
1656,movie_2785.jpg,4.1
1657,game_2837.jpg,1.2
1658,movie_2262.jpg,2.7
1659,movie_1512.jpg,2.4
1660,movie_1781.jpg,0.9
1661,game_2948.jpg,0.7
1662,game_2526.jpg,1.3
1663,movie_2071.jpg,2.1
1664,game_2482.jpg,1.7
1665,movie_0052.jpg,2.9
1666,movie_2295.jpg,2.5
1667,movie_1389.jpg,2.5
1668,game_1319.jpg,2.1
1669,game_2252.jpg,2.7
1670,movie_0054.jpg,2.9
1671,movie_2413.jpg,3.0
1672,game_0636.jpg,0.2
1673,movie_0729.jpg,1.2
1674,movie_0149.jpg,2.8
1675,movie_2239.jpg,1.6
1676,game_2092.jpg,1.3
1677,movie_1079.jpg,0.8
1678,game_0713.jpg,3.1
1679,game_2556.jpg,2.4
1680,movie_0903.jpg,2.9
1681,game_0432.jpg,2.1
1682,movie_2088.jpg,3.6
1683,game_0460.jpg,0.3
1684,game_0009.jpg,1.3
1685,game_2074.jpg,2.9
1686,game_2758.jpg,1.3
1687,movie_1691.jpg,1.3
1688,game_0553.jpg,2.4
1689,movie_2583.jpg,2.7
1690,game_1137.jpg,2.9
1691,game_0645.jpg,3.2
1692,movie_0828.jpg,3.0
1693,game_0794.jpg,0.7
1694,movie_0473.jpg,2.1
1695,game_0096.jpg,2.9
1696,movie_1050.jpg,1.8
1697,movie_0381.jpg,2.9
1698,movie_2784.jpg,3.6
1699,movie_1467.jpg,3.7
1700,game_1704.jpg,2.3
1701,movie_1557.jpg,2.1
1702,movie_2762.jpg,3.9
1703,movie_1339.jpg,1.2
1704,movie_0264.jpg,2.6
1705,game_1321.jpg,1.8
1706,movie_0995.jpg,2.9
1707,movie_1283.jpg,3.0
1708,movie_1477.jpg,0.7
1709,movie_1783.jpg,0.5
1710,game_2712.jpg,1.5
1711,game_2521.jpg,1.2
1712,movie_2140.jpg,2.8
1713,game_1430.jpg,0.8
1714,movie_2459.jpg,2.9
1715,game_0583.jpg,2.0
1716,game_1040.jpg,1.5
1717,movie_1971.jpg,1.8
1718,game_2474.jpg,2.5
1719,movie_2836.jpg,3.8
1720,movie_0168.jpg,2.4
1721,game_2656.jpg,1.5
1722,movie_0495.jpg,2.8
1723,movie_2712.jpg,3.6
1724,movie_2271.jpg,2.8
1725,game_0447.jpg,3.1
1726,game_0833.jpg,2.2
1727,movie_1875.jpg,2.1
1728,movie_2198.jpg,0.7
1729,movie_2627.jpg,4.3
1730,game_1400.jpg,3.8
1731,movie_2832.jpg,4.4
1732,movie_1270.jpg,2.7
1733,movie_0354.jpg,3.7
1734,movie_1831.jpg,3.4
1735,game_1046.jpg,3.0
1736,game_2821.jpg,2.5
1737,movie_2551.jpg,0.8
1738,movie_0597.jpg,1.3
1739,movie_0605.jpg,1.3
1740,game_1034.jpg,2.7
1741,movie_1567.jpg,1.7
1742,movie_0070.jpg,3.5
1743,game_0173.jpg,2.0
1744,movie_0068.jpg,2.9
1745,game_1659.jpg,1.1
1746,game_0114.jpg,1.4
1747,movie_2049.jpg,0.2
1748,game_0425.jpg,2.3
1749,game_2777.jpg,1.7
1750,movie_2404.jpg,2.7
1751,movie_2254.jpg,2.1
1752,movie_1848.jpg,2.7
1753,movie_2626.jpg,4.4
1754,game_0105.jpg,2.0
1755,movie_2402.jpg,2.1
1756,movie_2369.jpg,3.7
1757,movie_1912.jpg,3.2
1758,game_2968.jpg,0.6
1759,game_2306.jpg,0.8
1760,movie_0858.jpg,0.2
1761,movie_1528.jpg,3.7
1762,game_2133.jpg,2.9
1763,movie_1177.jpg,2.1
1764,movie_2097.jpg,1.4
1765,movie_2781.jpg,2.8
1766,game_1833.jpg,2.9
1767,game_2568.jpg,2.5
1768,movie_2560.jpg,0.4
1769,movie_2102.jpg,0.8
1770,movie_1522.jpg,2.3
1771,game_1509.jpg,2.5
1772,movie_2799.jpg,4.3
1773,movie_1279.jpg,3.8
1774,game_1652.jpg,0.7
1775,movie_1252.jpg,1.7
1776,game_1577.jpg,2.7
1777,movie_2968.jpg,3.4
1778,game_2868.jpg,1.2
1779,movie_1147.jpg,1.7
1780,movie_0954.jpg,1.3
1781,movie_1011.jpg,2.6
1782,game_0177.jpg,2.4
1783,game_0386.jpg,0.7
1784,movie_1178.jpg,0.7
1785,game_0475.jpg,0.6
1786,movie_2047.jpg,2.8
1787,movie_2565.jpg,2.5
1788,game_0322.jpg,2.3
1789,game_2840.jpg,1.2
1790,game_0193.jpg,2.5
1791,game_2638.jpg,2.4
1792,movie_2009.jpg,2.6
1793,movie_0078.jpg,2.0
1794,game_0665.jpg,0.8
1795,game_2947.jpg,0.7
1796,game_0431.jpg,1.4
1797,game_1031.jpg,2.7
1798,movie_2667.jpg,3.8
1799,game_2356.jpg,0.7
1800,movie_1865.jpg,2.7
1801,game_2805.jpg,0.8
1802,movie_1152.jpg,3.0
1803,game_2227.jpg,0.8
1804,movie_2798.jpg,3.7
1805,game_0268.jpg,2.6
1806,movie_0898.jpg,3.5
1807,game_0748.jpg,1.3
1808,movie_1229.jpg,3.3
1809,game_2010.jpg,2.8
1810,movie_1642.jpg,2.6
1811,movie_1885.jpg,1.2
1812,game_2183.jpg,1.2
1813,game_2938.jpg,0.7
1814,game_0392.jpg,1.6
1815,game_2343.jpg,1.8
1816,movie_0003.jpg,1.8
1817,game_1328.jpg,1.9
1818,game_2898.jpg,2.8
1819,game_0841.jpg,2.4
1820,game_1553.jpg,1.2
1821,game_2854.jpg,0.3
1822,movie_1076.jpg,2.2
1823,game_1802.jpg,1.6
1824,movie_1646.jpg,3.2
1825,movie_0353.jpg,2.9
1826,movie_2471.jpg,1.2
1827,movie_2740.jpg,4.3
1828,movie_0514.jpg,3.9
1829,game_2060.jpg,2.6
1830,movie_0534.jpg,0.3
1831,movie_1113.jpg,0.4
1832,game_1110.jpg,2.7
1833,game_0571.jpg,3.1
1834,game_2287.jpg,0.4
1835,movie_2540.jpg,0.8
1836,movie_2672.jpg,4.5
1837,game_2204.jpg,1.3
1838,movie_2441.jpg,0.7
1839,game_1463.jpg,2.2
1840,game_1764.jpg,0.8
1841,movie_2390.jpg,1.2
1842,game_0881.jpg,2.7
1843,game_0091.jpg,0.7
1844,movie_0055.jpg,2.4
1845,movie_2267.jpg,3.5
1846,movie_1647.jpg,1.7
1847,game_0778.jpg,2.2
1848,movie_1001.jpg,1.2
1849,game_2055.jpg,3.1
1850,game_1250.jpg,2.7
1851,game_1929.jpg,2.8
1852,movie_1298.jpg,2.2
1853,movie_1419.jpg,3.4
1854,movie_0310.jpg,2.6
1855,game_0525.jpg,3.0
1856,movie_2349.jpg,2.5
1857,movie_1817.jpg,1.9
1858,game_0993.jpg,1.7
1859,movie_0302.jpg,3.7
1860,movie_0762.jpg,2.1
1861,game_2162.jpg,2.9
1862,movie_0850.jpg,2.6
1863,movie_1272.jpg,2.8
1864,movie_0676.jpg,3.8
1865,game_2265.jpg,3.7
1866,game_1401.jpg,3.0
1867,movie_1445.jpg,2.7
1868,movie_1035.jpg,1.9
1869,movie_2504.jpg,2.7
1870,movie_1045.jpg,2.8
1871,movie_2445.jpg,3.1
1872,movie_0971.jpg,2.8
1873,game_2262.jpg,2.7
1874,game_1907.jpg,3.3
1875,movie_2351.jpg,2.8
1876,game_0202.jpg,2.1
1877,movie_1582.jpg,2.5
1878,game_1118.jpg,2.7
1879,movie_2877.jpg,3.7
1880,game_2000.jpg,1.7
1881,game_1673.jpg,1.9
1882,game_1429.jpg,2.8
1883,movie_0253.jpg,2.0
1884,game_1519.jpg,2.5
1885,game_1881.jpg,2.5
1886,movie_0510.jpg,1.6
1887,movie_0572.jpg,1.9
1888,game_1127.jpg,1.9
1889,game_0848.jpg,1.5
1890,game_0242.jpg,2.0
1891,movie_0554.jpg,1.2
1892,movie_1367.jpg,2.8
1893,game_1159.jpg,1.2
1894,game_2132.jpg,2.2
1895,movie_2635.jpg,3.8
1896,movie_2990.jpg,4.0
1897,game_1301.jpg,2.3
1898,game_2188.jpg,2.3
1899,movie_1346.jpg,1.3
1900,game_0592.jpg,2.9
1901,movie_2680.jpg,3.5
1902,game_2977.jpg,3.0
1903,movie_2155.jpg,1.8
1904,game_2817.jpg,1.6
1905,game_0834.jpg,2.7
1906,movie_1233.jpg,2.2
1907,game_1063.jpg,3.1
1908,movie_2919.jpg,3.8
1909,game_0353.jpg,2.7
1910,movie_2043.jpg,3.1
1911,game_0459.jpg,2.1
1912,movie_1117.jpg,2.9
1913,game_0280.jpg,2.1
1914,game_2814.jpg,1.3
1915,movie_2460.jpg,2.6
1916,movie_0435.jpg,2.7
1917,game_0887.jpg,2.3
1918,movie_1624.jpg,2.8
1919,game_0761.jpg,2.1
1920,movie_1116.jpg,2.1
1921,movie_0452.jpg,2.4
1922,movie_2585.jpg,1.7
1923,movie_2843.jpg,4.1
1924,game_0818.jpg,2.2
1925,movie_0769.jpg,2.6
1926,game_0456.jpg,1.8
1927,movie_2212.jpg,2.8
1928,movie_0243.jpg,3.1
1929,movie_0672.jpg,3.3
1930,movie_0089.jpg,2.2
1931,movie_0977.jpg,3.2
1932,game_1020.jpg,1.2
1933,game_1862.jpg,1.4
1934,movie_2136.jpg,1.1
1935,movie_1927.jpg,1.7
1936,game_2574.jpg,2.2
1937,movie_0073.jpg,3.3
1938,game_1762.jpg,3.0
1939,movie_1678.jpg,3.2
1940,movie_2256.jpg,2.7
1941,movie_1819.jpg,3.2
1942,game_2946.jpg,0.6
1943,game_1003.jpg,2.8
1944,game_1115.jpg,0.8
1945,game_2026.jpg,0.8
1946,game_1987.jpg,0.7
1947,movie_2462.jpg,1.1
1948,game_0545.jpg,2.0
1949,game_1547.jpg,2.7
1950,movie_0606.jpg,2.5
1951,game_0251.jpg,1.2
1952,game_1140.jpg,2.7
1953,game_0882.jpg,1.4
1954,game_0325.jpg,0.8
1955,movie_1656.jpg,3.1
1956,movie_2907.jpg,2.5
1957,game_2123.jpg,1.1
1958,game_2604.jpg,1.6
1959,movie_0224.jpg,2.0
1960,game_1489.jpg,3.6
1961,game_0255.jpg,2.9
1962,movie_1731.jpg,2.5
1963,game_2550.jpg,0.3
1964,game_1128.jpg,0.6
1965,game_1677.jpg,2.8
1966,game_2228.jpg,1.9
1967,game_0358.jpg,1.8
1968,game_1578.jpg,1.8
1969,movie_2222.jpg,3.5
1970,movie_0217.jpg,3.3
1971,movie_1491.jpg,3.0
1972,movie_2154.jpg,3.4
1973,movie_2370.jpg,2.4
1974,movie_2159.jpg,2.9
1975,game_1891.jpg,2.2
1976,game_0420.jpg,2.0
1977,game_2258.jpg,2.1
1978,movie_0967.jpg,1.3
1979,game_1639.jpg,3.0
1980,movie_1447.jpg,3.2
1981,movie_2965.jpg,4.2
1982,game_2022.jpg,2.9
1983,game_0632.jpg,0.3
1984,movie_2093.jpg,0.6
1985,movie_2438.jpg,1.3
1986,game_2676.jpg,0.3
1987,game_0873.jpg,2.0
1988,game_1960.jpg,2.2
1989,game_1004.jpg,3.0
1990,movie_2174.jpg,2.9
1991,game_1425.jpg,2.2
1992,movie_2796.jpg,4.3
1993,movie_1021.jpg,4.1
1994,movie_2888.jpg,3.6
1995,game_2278.jpg,2.4
1996,game_0406.jpg,2.3
1997,game_2349.jpg,2.2
1998,game_2314.jpg,1.8
1999,movie_2419.jpg,2.9
2000,movie_1167.jpg,2.6
2001,movie_2430.jpg,3.6
2002,game_1755.jpg,2.3
2003,movie_0450.jpg,2.7
2004,game_1558.jpg,0.8
2005,game_2218.jpg,3.3
2006,game_1267.jpg,3.0
2007,game_1604.jpg,2.2
2008,movie_0956.jpg,2.1
2009,game_1480.jpg,2.7
2010,movie_0447.jpg,3.0
2011,movie_0281.jpg,3.2
2012,movie_0006.jpg,2.3
2013,movie_2341.jpg,3.5
2014,movie_1569.jpg,2.6
2015,movie_1742.jpg,3.1
2016,movie_0905.jpg,2.5
2017,game_2504.jpg,0.5
2018,game_1325.jpg,0.5
2019,movie_2500.jpg,2.7
2020,movie_2820.jpg,4.4
2021,movie_0860.jpg,1.0
2022,game_1543.jpg,1.0
2023,movie_0449.jpg,0.5
2024,movie_1615.jpg,1.0
2025,game_2462.jpg,2.6
2026,game_2720.jpg,3.5
2027,movie_2787.jpg,4.5
2028,movie_0425.jpg,3.5
2029,game_1074.jpg,2.3
2030,game_0272.jpg,0.5
2031,movie_0371.jpg,2.0
2032,game_1840.jpg,2.5
2033,movie_2034.jpg,2.0
2034,game_1721.jpg,1.0
2035,game_0574.jpg,2.5
2036,movie_1441.jpg,0.4
2037,game_2997.jpg,0.7
2038,game_0327.jpg,0.5
2039,game_0345.jpg,0.4
2040,movie_0966.jpg,1.1
2041,movie_0272.jpg,0.8
2042,movie_2940.jpg,4.2
2043,game_2285.jpg,2.6
2044,game_0566.jpg,2.8
2045,game_1021.jpg,1.4
2046,game_2896.jpg,2.8
2047,movie_1144.jpg,3.1
2048,game_0563.jpg,1.6
2049,movie_0177.jpg,3.2
2050,game_0201.jpg,2.5
2051,movie_1004.jpg,2.4
2052,game_0972.jpg,1.7
2053,movie_1237.jpg,1.5
2054,movie_1134.jpg,1.1
2055,movie_0486.jpg,2.0
2056,game_0167.jpg,0.9
2057,game_1457.jpg,2.3
2058,game_2277.jpg,2.0
2059,movie_2250.jpg,2.4
2060,game_2595.jpg,1.8
2061,movie_0394.jpg,2.5
2062,game_2531.jpg,3.1
2063,game_0208.jpg,2.6
2064,game_1669.jpg,2.3
2065,movie_0809.jpg,1.5
2066,movie_1242.jpg,1.0
2067,movie_2810.jpg,4.5
2068,game_0351.jpg,1.0
2069,game_1921.jpg,1.2
2070,game_0826.jpg,1.7
2071,game_2057.jpg,1.9
2072,game_1985.jpg,2.4
2073,movie_2828.jpg,4.3
2074,movie_0220.jpg,2.8
2075,game_1168.jpg,1.7
2076,movie_1344.jpg,3.0
2077,movie_2948.jpg,4.4
2078,game_0471.jpg,2.0
2079,movie_0423.jpg,2.4
2080,game_0845.jpg,1.5
2081,movie_0436.jpg,2.8
2082,game_2235.jpg,0.9
2083,movie_2967.jpg,4.0
2084,game_0772.jpg,1.5
2085,game_2164.jpg,2.0
2086,movie_1499.jpg,0.3
2087,movie_2874.jpg,4.4
2088,movie_0442.jpg,0.1
2089,game_2678.jpg,1.0
2090,movie_0275.jpg,3.6
2091,movie_2574.jpg,2.9
2092,movie_0960.jpg,1.3
2093,game_0956.jpg,0.7
2094,movie_2257.jpg,2.7
2095,movie_1514.jpg,2.2
2096,movie_0059.jpg,2.0
2097,movie_2599.jpg,3.3
2098,movie_2717.jpg,4.3
2099,game_1610.jpg,0.1
2100,game_2415.jpg,1.9
2101,movie_1680.jpg,2.8
2102,game_2362.jpg,0.8
2103,movie_0616.jpg,2.3
2104,movie_0201.jpg,1.9
2105,movie_2508.jpg,1.2
2106,game_1350.jpg,2.8
2107,movie_0638.jpg,1.5
2108,movie_1969.jpg,1.0
2109,game_0140.jpg,0.5
2110,movie_0552.jpg,0.6
2111,game_1338.jpg,0.8
2112,game_2054.jpg,2.0
2113,movie_1965.jpg,0.8
2114,movie_0920.jpg,2.9
2115,movie_2506.jpg,1.6
2116,movie_2925.jpg,3.8
2117,game_2405.jpg,0.3
2118,movie_1371.jpg,1.0
2119,movie_1122.jpg,0.8
2120,game_0561.jpg,1.2
2121,game_0011.jpg,1.2
2122,movie_0422.jpg,0.7
2123,game_1439.jpg,2.5
2124,movie_2406.jpg,1.2
2125,game_1563.jpg,2.0
2126,movie_1714.jpg,1.7
2127,game_2397.jpg,1.4
2128,movie_2600.jpg,3.1
2129,game_2167.jpg,3.2
2130,game_0550.jpg,2.8
2131,movie_1427.jpg,2.4
2132,movie_1097.jpg,2.8
2133,movie_2556.jpg,2.9
2134,movie_0584.jpg,3.6
2135,game_1083.jpg,2.7
2136,game_0198.jpg,1.9
2137,movie_1988.jpg,2.3
2138,game_0741.jpg,2.1
2139,movie_0558.jpg,1.0
2140,game_1305.jpg,1.7
2141,movie_0867.jpg,1.3
2142,game_2031.jpg,2.0
2143,movie_0768.jpg,3.7
2144,game_1693.jpg,2.4
2145,movie_2381.jpg,1.3
2146,game_1554.jpg,0.3
2147,game_2309.jpg,0.7
2148,game_0346.jpg,2.2
2149,movie_1455.jpg,0.8
2150,movie_0935.jpg,1.9
2151,movie_2659.jpg,3.6
2152,game_0043.jpg,2.9
2153,movie_2723.jpg,3.8
2154,movie_2180.jpg,0.5
2155,movie_2454.jpg,2.6
2156,movie_0532.jpg,2.7
2157,game_1488.jpg,2.7
2158,movie_1457.jpg,1.9
2159,movie_0568.jpg,2.2
2160,game_1745.jpg,2.3
2161,game_0602.jpg,0.7
2162,game_1255.jpg,1.5
2163,movie_2394.jpg,2.0
2164,game_1930.jpg,0.7
2165,movie_1385.jpg,2.6
2166,game_1262.jpg,0.5
2167,game_0301.jpg,1.5
2168,movie_0362.jpg,2.5
2169,game_2458.jpg,0.5
2170,movie_2862.jpg,3.5
2171,game_1570.jpg,2.5
2172,game_0134.jpg,2.4
2173,movie_0664.jpg,2.0
2174,movie_0716.jpg,3.9
2175,game_0326.jpg,0.3
2176,game_0071.jpg,2.3
2177,movie_1124.jpg,2.1
2178,movie_0104.jpg,3.2
2179,movie_1154.jpg,1.0
2180,game_2987.jpg,0.2
2181,movie_2876.jpg,4.2
2182,game_0024.jpg,2.4
2183,movie_1232.jpg,1.9
2184,game_2831.jpg,1.8
2185,movie_1470.jpg,1.8
2186,movie_2518.jpg,2.5
2187,movie_0740.jpg,2.4
2188,movie_1158.jpg,2.7
2189,movie_1790.jpg,3.0
2190,movie_1890.jpg,3.0
2191,game_1572.jpg,2.3
2192,movie_1399.jpg,2.5
2193,movie_1735.jpg,0.9
2194,movie_2826.jpg,4.5
2195,game_1728.jpg,2.3
2196,movie_2676.jpg,3.7
2197,movie_1439.jpg,0.6
2198,movie_1260.jpg,3.9
2199,movie_0474.jpg,2.5
2200,game_1181.jpg,2.7
2201,movie_2607.jpg,2.5
2202,movie_2803.jpg,4.0
2203,game_2344.jpg,2.3
2204,game_2393.jpg,2.1
2205,movie_2782.jpg,3.6
2206,movie_1221.jpg,0.6
2207,movie_1621.jpg,2.0
2208,game_2366.jpg,2.0
2209,game_1846.jpg,2.5
2210,movie_2475.jpg,1.0
2211,movie_1199.jpg,1.5
2212,movie_1406.jpg,2.3
2213,game_2014.jpg,2.6
2214,game_0596.jpg,1.1
2215,movie_1160.jpg,3.0
2216,game_2592.jpg,1.2
2217,game_2943.jpg,2.5
2218,movie_2000.jpg,3.6
2219,game_0497.jpg,1.8
2220,movie_0959.jpg,1.3
2221,movie_2564.jpg,1.8
2222,movie_0233.jpg,0.7
2223,movie_0428.jpg,1.8
2224,movie_1590.jpg,2.8
2225,movie_0732.jpg,2.6
2226,game_1552.jpg,2.5
2227,game_2583.jpg,0.8
2228,movie_0962.jpg,1.5
2229,game_1503.jpg,2.7
2230,game_1343.jpg,2.9
2231,game_1038.jpg,2.6
2232,game_0103.jpg,2.0
2233,game_1130.jpg,2.2
2234,movie_2638.jpg,3.7
2235,game_1926.jpg,2.6
2236,game_0745.jpg,2.0
2237,game_2746.jpg,3.5
2238,movie_1343.jpg,3.2
2239,movie_1529.jpg,3.0
2240,movie_1655.jpg,3.1
2241,movie_0424.jpg,2.9
2242,game_0565.jpg,2.2
2243,game_1679.jpg,2.7
2244,movie_0987.jpg,2.3
2245,game_1528.jpg,1.7
2246,game_1171.jpg,0.7
2247,game_1813.jpg,1.8
2248,movie_0627.jpg,2.9
2249,game_1749.jpg,1.7
2250,game_1251.jpg,1.7
2251,game_0003.jpg,1.9
2252,movie_0219.jpg,2.7
2253,game_2552.jpg,2.3
2254,game_0141.jpg,0.8
2255,game_2704.jpg,0.6
2256,movie_0488.jpg,2.8
2257,game_2986.jpg,1.8
2258,game_0416.jpg,0.7
2259,movie_0688.jpg,0.7
2260,movie_1223.jpg,3.0
2261,game_0444.jpg,0.7
2262,game_1072.jpg,0.3
2263,game_2052.jpg,2.5
2264,movie_0045.jpg,0.8
2265,movie_2649.jpg,3.2
2266,game_0623.jpg,2.4
2267,movie_1842.jpg,3.4
2268,game_0079.jpg,2.8
2269,movie_2276.jpg,3.0
2270,game_1205.jpg,2.9
2271,movie_2856.jpg,3.6
2272,game_2658.jpg,0.4
2273,game_2170.jpg,1.6
2274,movie_2662.jpg,4.1
2275,movie_2476.jpg,2.2
2276,game_0082.jpg,1.2
2277,game_2240.jpg,1.8
2278,game_2148.jpg,1.6
2279,game_2384.jpg,1.3
2280,game_1976.jpg,2.0
2281,game_0292.jpg,2.5
2282,movie_1724.jpg,2.1
2283,game_1835.jpg,3.1
2284,movie_0665.jpg,3.1
2285,game_2637.jpg,2.3
2286,game_1002.jpg,0.8
2287,movie_1365.jpg,2.9
2288,movie_1741.jpg,1.2
2289,game_1184.jpg,0.8
2290,game_2112.jpg,2.8
2291,movie_2126.jpg,3.1
2292,game_1897.jpg,0.3
2293,game_1156.jpg,1.8
2294,movie_2813.jpg,4.2
2295,movie_2092.jpg,2.5
2296,movie_0806.jpg,3.2
2297,movie_2749.jpg,4.0
2298,game_2610.jpg,2.3
2299,game_2950.jpg,1.3
2300,movie_1750.jpg,3.2
2301,game_0655.jpg,0.8
2302,game_1369.jpg,2.8
2303,game_1779.jpg,2.1
2304,game_2506.jpg,2.3
2305,movie_1640.jpg,0.8
2306,game_2522.jpg,1.8
2307,game_2388.jpg,2.8
2308,movie_2911.jpg,3.2
2309,movie_0887.jpg,2.5
2310,game_0684.jpg,2.5
2311,game_1823.jpg,2.3
2312,movie_2896.jpg,3.5
2313,movie_0662.jpg,3.6
2314,game_1780.jpg,0.7
2315,game_2212.jpg,1.3
2316,game_2507.jpg,0.2
2317,movie_1780.jpg,1.4
2318,game_1946.jpg,2.2
2319,movie_2002.jpg,3.4
2320,movie_1697.jpg,3.6
2321,game_0687.jpg,2.7
2322,movie_1409.jpg,3.2
2323,game_1316.jpg,2.7
2324,movie_2870.jpg,4.5
2325,game_0667.jpg,2.3
2326,movie_1111.jpg,3.0
2327,game_1060.jpg,2.2
2328,movie_1016.jpg,1.3
2329,game_0967.jpg,1.2
2330,movie_0511.jpg,3.3
2331,movie_2392.jpg,3.5
2332,game_0220.jpg,2.3
2333,movie_0191.jpg,3.2
2334,movie_0291.jpg,2.1
2335,game_2049.jpg,2.5
2336,game_1564.jpg,1.2
2337,movie_1770.jpg,2.7
2338,game_1080.jpg,2.4
2339,movie_0518.jpg,3.2
2340,movie_2756.jpg,2.8
2341,movie_1987.jpg,3.0
2342,game_2966.jpg,0.7
2343,game_1310.jpg,2.7
2344,movie_0082.jpg,1.0
2345,game_0047.jpg,2.8
2346,movie_0936.jpg,2.6
2347,game_0156.jpg,2.2
2348,game_2774.jpg,1.0
2349,game_1751.jpg,1.5
2350,game_1485.jpg,1.1
2351,game_1142.jpg,2.1
2352,game_1415.jpg,0.9
2353,game_2533.jpg,0.4
2354,game_1737.jpg,1.9
2355,game_1510.jpg,1.5
2356,game_0908.jpg,0.8
2357,movie_2414.jpg,1.7
2358,game_2700.jpg,3.8
2359,movie_2305.jpg,2.7
2360,movie_0005.jpg,2.8
2361,game_1304.jpg,2.0
2362,game_0984.jpg,2.2
2363,game_1716.jpg,2.2
2364,game_1257.jpg,0.7
2365,movie_2410.jpg,2.5
2366,game_0731.jpg,2.3
2367,game_2126.jpg,1.8
2368,movie_1315.jpg,2.8
2369,movie_0135.jpg,2.8
2370,movie_0150.jpg,3.2
2371,game_2835.jpg,1.7
2372,game_1660.jpg,2.3
2373,movie_2854.jpg,4.0
2374,movie_0169.jpg,3.7
2375,game_2532.jpg,2.7
2376,game_2147.jpg,1.0
2377,game_1871.jpg,2.7
2378,movie_2456.jpg,2.7
2379,game_1379.jpg,2.3
2380,game_1198.jpg,2.5
2381,game_0693.jpg,2.9
2382,game_0443.jpg,2.3
2383,game_2404.jpg,2.3
2384,game_0090.jpg,1.3
2385,game_0840.jpg,2.9
2386,game_1895.jpg,2.7
2387,movie_1245.jpg,1.2
2388,game_2929.jpg,2.7
2389,movie_2066.jpg,0.4
2390,movie_1630.jpg,2.7
2391,movie_1867.jpg,3.3
2392,game_0196.jpg,2.3
2393,movie_1425.jpg,0.8
2394,game_0064.jpg,1.0
2395,movie_2709.jpg,4.1
2396,movie_1760.jpg,2.8
2397,game_2382.jpg,3.0
2398,movie_0717.jpg,1.9
2399,game_0184.jpg,2.7
2400,movie_0942.jpg,2.3
2401,game_1069.jpg,1.8
2402,game_0923.jpg,2.4
2403,game_2307.jpg,1.0
2404,game_2117.jpg,2.8
2405,game_2888.jpg,0.8
2406,game_0641.jpg,1.0
2407,movie_2902.jpg,3.5
2408,game_0319.jpg,0.3
2409,game_0500.jpg,0.4
2410,game_1299.jpg,0.7
2411,movie_0167.jpg,2.2
2412,movie_1164.jpg,1.2
2413,movie_1951.jpg,2.8
2414,game_2875.jpg,2.3
2415,movie_2893.jpg,2.9
2416,movie_0051.jpg,2.2
2417,game_2493.jpg,2.8
2418,movie_1562.jpg,2.2
2419,game_1948.jpg,0.8
2420,movie_0491.jpg,3.2
2421,game_2525.jpg,1.3
2422,movie_1153.jpg,2.2
2423,game_1024.jpg,0.8
2424,movie_2185.jpg,1.0
2425,movie_1075.jpg,2.3
2426,game_0662.jpg,2.4
2427,game_1361.jpg,1.0
2428,game_0694.jpg,0.4
2429,movie_2340.jpg,3.2
2430,game_1324.jpg,1.0
2431,game_1975.jpg,1.7
2432,movie_1752.jpg,1.2
2433,movie_2842.jpg,4.3
2434,game_1998.jpg,2.7
2435,movie_1539.jpg,3.5
2436,game_2042.jpg,1.9
2437,game_2510.jpg,1.2
2438,game_0023.jpg,1.3
2439,game_1068.jpg,0.7
2440,movie_1989.jpg,2.2
2441,movie_1025.jpg,1.7
2442,game_0435.jpg,1.2
2443,movie_2959.jpg,4.3
2444,game_1387.jpg,3.2
2445,movie_1128.jpg,0.8
2446,movie_2678.jpg,3.6
2447,game_1627.jpg,2.8
2448,game_1587.jpg,2.7
2449,movie_1033.jpg,2.8
2450,game_0738.jpg,2.7
2451,game_2627.jpg,2.3
2452,movie_2145.jpg,3.4
2453,game_2698.jpg,1.2
2454,game_1689.jpg,0.8
2455,game_1064.jpg,0.8
2456,game_2154.jpg,2.1
2457,game_0347.jpg,1.5
2458,movie_1159.jpg,3.6
2459,game_1226.jpg,1.7
2460,movie_0879.jpg,1.3
2461,game_1200.jpg,0.8
2462,movie_1500.jpg,0.8
2463,game_2799.jpg,4.2
2464,game_2028.jpg,3.3
2465,game_2496.jpg,2.8
2466,game_2959.jpg,2.6
2467,game_2819.jpg,2.4
2468,movie_2431.jpg,2.7
2469,movie_2437.jpg,3.5
2470,game_1282.jpg,2.9
2471,game_2319.jpg,3.0
2472,game_0551.jpg,2.3
2473,movie_1416.jpg,2.9
2474,game_0536.jpg,1.8
2475,movie_0658.jpg,1.5
2476,game_0081.jpg,1.0
2477,game_2697.jpg,2.7
2478,game_2105.jpg,0.3
2479,movie_2608.jpg,3.3
2480,movie_0621.jpg,0.8
2481,movie_1395.jpg,0.9
2482,movie_2976.jpg,3.7
2483,movie_2580.jpg,2.6
2484,game_2484.jpg,1.2
2485,game_1336.jpg,1.2
2486,movie_0270.jpg,0.5
2487,game_0449.jpg,2.3
2488,movie_0751.jpg,3.2
2489,game_0040.jpg,1.3
2490,game_1674.jpg,3.1
2491,movie_1653.jpg,1.7
2492,game_2848.jpg,1.0
2493,game_1574.jpg,0.8
2494,game_2667.jpg,2.7
2495,movie_0791.jpg,2.9
2496,game_0538.jpg,2.8
2497,game_1786.jpg,2.4
2498,movie_2024.jpg,2.5
2499,game_0575.jpg,2.5
2500,game_2390.jpg,2.8
2501,game_0626.jpg,1.5
2502,game_0216.jpg,0.4
2503,game_1855.jpg,2.7
2504,movie_1911.jpg,1.3
2505,game_2866.jpg,2.2
2506,movie_2440.jpg,3.6
2507,movie_2089.jpg,3.1
2508,movie_0276.jpg,3.2
2509,movie_2424.jpg,2.9
2510,movie_1945.jpg,2.2
2511,game_2281.jpg,1.7
2512,game_0128.jpg,2.3
2513,game_2992.jpg,2.7
2514,movie_1290.jpg,2.7
2515,movie_0389.jpg,3.2
2516,movie_1604.jpg,2.6
2517,movie_1133.jpg,0.7
2518,movie_2042.jpg,1.1
2519,game_1518.jpg,1.6
2520,movie_2571.jpg,0.9
2521,movie_1483.jpg,2.3
2522,movie_1325.jpg,3.6
2523,movie_2190.jpg,1.5
2524,game_2255.jpg,2.0
2525,movie_2426.jpg,2.9
2526,game_0106.jpg,1.0
2527,movie_2270.jpg,1.4
2528,movie_2972.jpg,3.4
2529,movie_2452.jpg,2.7
2530,game_1665.jpg,2.4
2531,movie_2105.jpg,1.9
2532,movie_0451.jpg,1.4
2533,movie_1452.jpg,2.9
2534,movie_1893.jpg,3.3
2535,game_0795.jpg,2.8
2536,game_0978.jpg,2.6
2537,game_2856.jpg,1.1
2538,movie_1609.jpg,0.6
2539,movie_0575.jpg,0.4
2540,movie_2731.jpg,4.5
2541,game_2456.jpg,2.4
2542,movie_0821.jpg,3.4
2543,movie_0508.jpg,3.6
2544,game_2930.jpg,0.5
2545,movie_1990.jpg,2.6
2546,movie_0454.jpg,1.9
2547,movie_2425.jpg,2.1
2548,game_2489.jpg,2.6
2549,game_1711.jpg,2.9
2550,game_1169.jpg,0.7
2551,game_2400.jpg,2.7
2552,game_0051.jpg,0.7
2553,game_1114.jpg,2.4
2554,movie_2416.jpg,3.1
2555,movie_2203.jpg,3.3
2556,game_0735.jpg,1.2
2557,game_0702.jpg,3.3
2558,game_0988.jpg,1.7
2559,movie_1453.jpg,1.3
2560,game_0383.jpg,1.5
2561,game_1916.jpg,1.8
2562,game_0809.jpg,3.4
2563,movie_1207.jpg,1.3
2564,movie_0439.jpg,1.2
2565,game_0430.jpg,2.7
2566,game_0843.jpg,2.9
2567,movie_0610.jpg,0.7
2568,game_1656.jpg,0.8
2569,movie_1523.jpg,1.3
2570,game_1055.jpg,2.6
2571,movie_2628.jpg,3.7
2572,game_2051.jpg,2.5
2573,game_1727.jpg,1.2
2574,movie_1947.jpg,0.7
2575,game_1736.jpg,2.1
2576,game_2750.jpg,3.6
2577,movie_1048.jpg,2.3
2578,game_0060.jpg,2.8
2579,game_2195.jpg,2.4
2580,game_0839.jpg,3.2
2581,game_1618.jpg,0.8
2582,game_2597.jpg,2.8
2583,movie_1065.jpg,3.4
2584,movie_2880.jpg,4.2
2585,movie_0356.jpg,0.7
2586,movie_0637.jpg,3.7
2587,movie_2742.jpg,3.6
2588,movie_0924.jpg,2.3
2589,movie_0312.jpg,2.5
2590,game_2316.jpg,1.7
2591,movie_1873.jpg,2.7
2592,movie_2210.jpg,2.7
2593,movie_0928.jpg,3.0
2594,game_2744.jpg,3.7
2595,game_2823.jpg,3.8
2596,movie_1398.jpg,1.8
2597,movie_2786.jpg,4.1
2598,movie_2582.jpg,3.7
2599,game_2004.jpg,2.3
2600,game_2829.jpg,0.8
2601,movie_1928.jpg,1.3
2602,movie_0837.jpg,2.6
2603,movie_2547.jpg,2.7
2604,movie_0375.jpg,3.0
2605,movie_2536.jpg,2.1
2606,game_1683.jpg,3.2
2607,game_2892.jpg,2.7
2608,movie_0175.jpg,3.2
2609,game_0223.jpg,2.7
2610,movie_2702.jpg,3.2
2611,game_0398.jpg,1.7
2612,game_1634.jpg,1.4
2613,movie_1292.jpg,0.8
2614,game_1277.jpg,1.8
2615,game_2153.jpg,1.2
2616,game_1042.jpg,1.8
2617,game_2570.jpg,2.7
2618,movie_2969.jpg,3.6
2619,movie_2072.jpg,3.7
2620,movie_1083.jpg,3.7
2621,movie_1200.jpg,2.7
2622,game_1113.jpg,1.7
2623,movie_1479.jpg,3.6
2624,game_2210.jpg,3.1
2625,game_0877.jpg,2.3
2626,game_2855.jpg,2.7
2627,game_0749.jpg,2.3
2628,movie_2831.jpg,4.4
2629,game_0097.jpg,0.3
2630,movie_2572.jpg,0.8
2631,movie_1349.jpg,1.3
2632,movie_0849.jpg,0.8
2633,movie_0259.jpg,2.8
2634,game_0816.jpg,2.1
2635,movie_0323.jpg,2.5
2636,movie_2265.jpg,3.6
2637,movie_0704.jpg,3.5
2638,movie_2229.jpg,0.7
2639,movie_2297.jpg,3.2
2640,game_1567.jpg,2.4
2641,movie_0429.jpg,2.7
2642,movie_2999.jpg,4.2
2643,game_0034.jpg,1.8
2644,game_1296.jpg,2.0
2645,game_1303.jpg,2.7
2646,movie_0963.jpg,3.7
2647,movie_1684.jpg,3.5
2648,game_0639.jpg,3.0
2649,movie_1049.jpg,3.1
2650,game_1788.jpg,2.2
2651,game_0311.jpg,1.9
2652,game_1917.jpg,2.9
2653,movie_1818.jpg,1.1
2654,movie_0058.jpg,3.7
2655,movie_2064.jpg,3.6
2656,movie_0066.jpg,3.7
2657,game_0092.jpg,1.2
2658,movie_1930.jpg,2.9
2659,game_1750.jpg,1.9
2660,game_2883.jpg,0.4
2661,game_2208.jpg,2.7
2662,movie_1103.jpg,1.6
2663,game_2512.jpg,1.0
2664,game_0531.jpg,2.4
2665,game_1375.jpg,3.1
2666,game_2229.jpg,3.0
2667,movie_0624.jpg,3.5
2668,game_2202.jpg,2.6
2669,movie_1870.jpg,1.9
2670,movie_1381.jpg,1.9
2671,game_1953.jpg,2.7
2672,game_2444.jpg,3.2
2673,movie_2466.jpg,2.1
2674,game_1222.jpg,1.8
2675,movie_0720.jpg,1.9
2676,game_1896.jpg,1.9
2677,movie_1553.jpg,0.9
2678,game_0356.jpg,2.6
2679,movie_0804.jpg,2.8
2680,movie_1946.jpg,3.1
2681,movie_2904.jpg,3.4
2682,movie_1175.jpg,3.1
2683,movie_2231.jpg,2.6
2684,game_0241.jpg,0.6
2685,movie_1508.jpg,3.3
2686,movie_1471.jpg,0.7
2687,movie_0432.jpg,1.1
2688,movie_0631.jpg,0.9
2689,game_1007.jpg,3.1
2690,game_1848.jpg,0.8
2691,game_1265.jpg,1.0
2692,game_2623.jpg,1.6
2693,movie_0969.jpg,2.7
2694,movie_2979.jpg,3.0
2695,movie_2204.jpg,3.2
2696,movie_0541.jpg,3.7
2697,game_2872.jpg,0.8
2698,movie_1424.jpg,3.7
2699,movie_1258.jpg,3.1
2700,movie_1426.jpg,3.3
2701,game_0994.jpg,2.3
2702,game_1493.jpg,1.7
2703,game_1968.jpg,1.3
2704,movie_1329.jpg,2.4
2705,movie_2478.jpg,1.2
2706,movie_0927.jpg,2.3
2707,game_2248.jpg,0.7
2708,game_1561.jpg,3.3
2709,game_0630.jpg,1.9
2710,game_1376.jpg,2.3
2711,movie_1140.jpg,2.0
2712,movie_1366.jpg,2.7
2713,game_1973.jpg,2.2
2714,game_0889.jpg,2.7
2715,movie_1214.jpg,2.8
2716,movie_2147.jpg,3.2
2717,movie_2396.jpg,2.9
2718,game_1533.jpg,3.0
2719,movie_2403.jpg,3.2
2720,game_0483.jpg,2.3
2721,movie_1659.jpg,2.5
2722,game_2684.jpg,2.3
2723,movie_2486.jpg,1.8
2724,game_0666.jpg,1.7
2725,movie_0333.jpg,1.2
2726,game_0321.jpg,2.7
2727,game_0056.jpg,1.7
2728,movie_0650.jpg,2.7
2729,movie_2724.jpg,4.2
2730,game_2984.jpg,2.3
2731,movie_1782.jpg,3.2
2732,game_1270.jpg,2.2
2733,game_1978.jpg,3.3
2734,movie_0759.jpg,2.4
2735,movie_0154.jpg,3.4
2736,movie_0274.jpg,3.7
2737,game_0703.jpg,2.4
2738,game_0218.jpg,3.1
2739,game_1424.jpg,2.4
2740,movie_2032.jpg,2.9
2741,game_0462.jpg,1.7
2742,movie_0866.jpg,1.3
2743,movie_1612.jpg,2.8
2744,game_2461.jpg,1.6
2745,movie_1658.jpg,1.8
2746,game_0540.jpg,1.4
2747,movie_1998.jpg,2.1
2748,game_0138.jpg,0.8
2749,game_0672.jpg,0.7
2750,game_0709.jpg,0.7
2751,game_2500.jpg,2.7
2752,game_0921.jpg,2.1
2753,game_2187.jpg,2.1
2754,game_2650.jpg,1.7
2755,game_0225.jpg,2.0
2756,game_0108.jpg,0.4
2757,game_1440.jpg,1.4
2758,movie_0182.jpg,3.3
2759,game_2438.jpg,2.6
2760,game_2629.jpg,2.4
2761,game_2960.jpg,2.1
2762,movie_0693.jpg,2.5
2763,game_0927.jpg,1.7
2764,game_2811.jpg,1.8
2765,game_2289.jpg,2.7
2766,movie_1581.jpg,2.8
2767,game_2810.jpg,3.0
2768,movie_1954.jpg,2.7
2769,game_1048.jpg,3.2
2770,movie_0793.jpg,2.5
2771,movie_0774.jpg,3.2
2772,movie_2964.jpg,3.6
2773,movie_1450.jpg,0.7
2774,movie_2779.jpg,4.1
2775,movie_2031.jpg,2.9
2776,movie_1358.jpg,1.8
2777,game_0907.jpg,3.2
2778,game_0494.jpg,0.6
2779,movie_1388.jpg,3.5
2780,movie_1636.jpg,0.7
2781,movie_0265.jpg,0.2
2782,movie_0472.jpg,2.8
2783,game_2175.jpg,2.2
2784,movie_1345.jpg,2.7
2785,game_1513.jpg,2.3
2786,movie_1909.jpg,3.6
2787,movie_2099.jpg,2.4
2788,game_1971.jpg,2.3
2789,game_2576.jpg,2.8
2790,movie_1061.jpg,1.3
2791,game_2423.jpg,2.3
2792,movie_2789.jpg,4.2
2793,game_0739.jpg,2.4
2794,movie_0949.jpg,2.8
2795,movie_2960.jpg,3.8
2796,movie_0141.jpg,2.2
2797,movie_2281.jpg,2.2
2798,movie_0493.jpg,3.1
2799,game_1854.jpg,0.6
2800,movie_0915.jpg,3.4
2801,movie_2774.jpg,3.8
2802,movie_0944.jpg,2.8
2803,game_0505.jpg,1.2
2804,game_0711.jpg,1.2
2805,game_0308.jpg,2.7
2806,movie_2407.jpg,3.3
2807,game_1939.jpg,2.8
2808,game_0832.jpg,2.7
2809,movie_2509.jpg,2.8
2810,game_2731.jpg,0.8
2811,game_2692.jpg,0.7
2812,movie_2674.jpg,4.0
2813,game_1326.jpg,1.9
2814,movie_1638.jpg,0.8
2815,movie_1983.jpg,0.6
2816,game_1427.jpg,0.3
2817,movie_2384.jpg,1.8
2818,game_0627.jpg,1.4
2819,movie_1576.jpg,2.6
2820,movie_2958.jpg,3.9
2821,movie_0859.jpg,1.7
2822,movie_0892.jpg,3.7
2823,game_2075.jpg,1.7
2824,movie_2318.jpg,3.6
2825,game_2399.jpg,3.1
2826,movie_2910.jpg,2.2
2827,movie_0300.jpg,2.7
2828,game_2709.jpg,2.8
2829,game_0166.jpg,2.9
2830,movie_2501.jpg,2.1
2831,game_2836.jpg,0.3
2832,movie_1629.jpg,0.7
2833,movie_0752.jpg,2.2
2834,game_0332.jpg,2.7
2835,movie_0640.jpg,3.2
2836,movie_1531.jpg,0.1
2837,game_1229.jpg,1.2
2838,movie_2656.jpg,4.2
2839,game_1176.jpg,2.8
2840,movie_1762.jpg,3.4
2841,movie_0609.jpg,3.0
2842,movie_0579.jpg,1.2
2843,game_0233.jpg,0.3
2844,game_2173.jpg,1.2
2845,game_0192.jpg,0.3
2846,movie_1082.jpg,3.1
2847,movie_0600.jpg,3.3
2848,movie_2058.jpg,0.8
2849,movie_1518.jpg,3.6
2850,movie_2048.jpg,2.3
2851,game_2271.jpg,2.1
2852,movie_1172.jpg,2.3
2853,movie_2835.jpg,4.2
2854,movie_0880.jpg,0.8
2855,game_2705.jpg,1.7
2856,movie_2805.jpg,3.8
2857,movie_0009.jpg,3.6
2858,movie_2098.jpg,3.7
2859,game_2247.jpg,3.3
2860,movie_1335.jpg,3.4
2861,game_2361.jpg,1.2
2862,game_1249.jpg,2.0
2863,game_1300.jpg,4.2
2864,game_2090.jpg,3.3
2865,game_1981.jpg,0.8
2866,movie_0728.jpg,3.2
2867,movie_2069.jpg,2.8
2868,game_1718.jpg,0.3
2869,game_2213.jpg,1.3
2870,game_2197.jpg,0.7
2871,game_2890.jpg,1.8
2872,game_2149.jpg,2.6
2873,movie_2266.jpg,2.8
2874,game_2922.jpg,3.1
2875,game_0549.jpg,1.6
2876,game_0305.jpg,2.1
2877,movie_1894.jpg,2.8
2878,game_2717.jpg,3.4
2879,movie_1005.jpg,1.2
2880,game_0276.jpg,1.2
2881,game_2853.jpg,0.8
2882,game_1582.jpg,2.5
2883,movie_1052.jpg,1.2
2884,movie_0757.jpg,2.2
2885,movie_1319.jpg,3.2
2886,game_1568.jpg,1.8
2887,movie_2690.jpg,4.3
2888,game_0407.jpg,2.1
2889,movie_2354.jpg,2.7
2890,game_0910.jpg,3.1
2891,movie_0527.jpg,0.7
2892,movie_1733.jpg,1.3
2893,movie_2720.jpg,4.2
2894,game_2503.jpg,2.8
2895,game_2326.jpg,2.6
2896,movie_2255.jpg,3.5
2897,game_2168.jpg,2.1
2898,game_2463.jpg,2.7
2899,movie_0823.jpg,2.4
2900,movie_0391.jpg,1.8
2901,movie_0093.jpg,2.3
2902,game_1271.jpg,2.7
2903,game_0387.jpg,0.2
2904,game_2982.jpg,1.7
2905,movie_1997.jpg,3.2
2906,game_0299.jpg,1.2
2907,game_2083.jpg,2.6
2908,movie_2388.jpg,3.2
2909,movie_0778.jpg,3.5
2910,movie_0659.jpg,2.4
2911,movie_0378.jpg,2.1
2912,game_1423.jpg,3.3
2913,game_1501.jpg,2.7
2914,movie_1944.jpg,3.1
2915,game_1183.jpg,2.3
2916,game_1237.jpg,3.2
2917,movie_0540.jpg,3.1
2918,game_2015.jpg,2.4
2919,game_2426.jpg,2.2
2920,game_2803.jpg,1.8
2921,movie_1244.jpg,1.6
2922,movie_0010.jpg,1.3
2923,game_0603.jpg,1.8
2924,game_1261.jpg,1.1
2925,game_2519.jpg,1.0
2926,movie_0577.jpg,2.7
2927,game_2739.jpg,2.1
2928,game_1496.jpg,2.8
2929,game_1662.jpg,3.2
2930,movie_2851.jpg,4.1
2931,movie_2942.jpg,3.1
2932,movie_2084.jpg,3.2
2933,game_1875.jpg,2.6
2934,movie_1720.jpg,2.6
2935,game_0625.jpg,2.3
2936,movie_1840.jpg,3.2
2937,movie_0746.jpg,2.6
2938,movie_0336.jpg,3.2
2939,game_1327.jpg,2.8
2940,game_2206.jpg,2.7
2941,movie_0870.jpg,1.7
2942,movie_0440.jpg,0.7
2943,game_2980.jpg,2.2
2944,movie_2206.jpg,3.7
2945,game_2730.jpg,1.8
2946,movie_0972.jpg,1.2
2947,game_0864.jpg,2.1
2948,movie_0444.jpg,2.8
2949,movie_0599.jpg,0.9
2950,movie_2495.jpg,1.8
2951,game_1450.jpg,1.7
2952,movie_1056.jpg,3.1
2953,game_0477.jpg,2.9
2954,movie_2327.jpg,2.7
2955,game_2260.jpg,2.1
2956,game_1209.jpg,0.7
2957,game_1204.jpg,0.7
2958,game_0313.jpg,0.8
2959,movie_0056.jpg,0.8
2960,movie_2245.jpg,1.2
2961,movie_0478.jpg,3.8
2962,game_0389.jpg,2.8
2963,game_0657.jpg,2.0
2964,movie_0569.jpg,2.6
2965,game_0129.jpg,0.3
2966,game_2657.jpg,3.2
2967,movie_2131.jpg,3.4
2968,game_0708.jpg,2.7
2969,movie_0421.jpg,3.6
2970,movie_2516.jpg,3.7
2971,movie_1042.jpg,2.3
2972,game_1883.jpg,3.0
2973,movie_2116.jpg,3.2
2974,movie_1591.jpg,3.1
2975,movie_2982.jpg,2.7
2976,movie_1643.jpg,1.3
2977,movie_2499.jpg,0.7
2978,movie_0049.jpg,4.2
2979,movie_1755.jpg,2.8
2980,game_1276.jpg,2.3
2981,movie_0690.jpg,2.6
2982,movie_1772.jpg,3.3
2983,game_1133.jpg,3.5
2984,movie_1888.jpg,2.3
2985,game_0452.jpg,2.3
2986,movie_2527.jpg,2.1
2987,movie_2166.jpg,2.2
2988,game_2270.jpg,2.4
2989,movie_0643.jpg,1.6
2990,game_1974.jpg,2.7
2991,movie_1552.jpg,2.2
2992,game_1475.jpg,1.9
2993,game_1203.jpg,1.2
2994,movie_0025.jpg,1.1
2995,game_2189.jpg,1.8
2996,movie_0404.jpg,3.3
2997,game_0211.jpg,0.6
2998,movie_1119.jpg,3.1
2999,movie_0786.jpg,2.8
3000,game_1644.jpg,0.4
3001,movie_2481.jpg,2.5
3002,game_1809.jpg,2.5
3003,movie_1754.jpg,2.3
3004,game_2284.jpg,2.8
3005,game_2562.jpg,2.7
3006,movie_0635.jpg,3.2
3007,game_0284.jpg,2.8
3008,game_2425.jpg,2.3
3009,movie_0749.jpg,3.3
3010,movie_1019.jpg,3.0
3011,movie_2611.jpg,3.8
3012,movie_0195.jpg,1.3
3013,game_0715.jpg,2.9
3014,game_2955.jpg,2.5
3015,game_1394.jpg,2.6
3016,movie_1280.jpg,2.7
3017,movie_2714.jpg,3.1
3018,game_1465.jpg,2.7
3019,movie_0309.jpg,2.8
3020,game_1099.jpg,1.9
